Order_ID,Order_Date,Customer_Name,Email,Phone,City,State,Product,Category,Qty,Unit_Price,Discount,Payment_Mode,Order_Status,Delivery_Date
ORD1002,30-06-2025,Neha,neha82@gmail.com,9829008196,Delhi,Delhi,Chair,Furniture,4,1999 ,N/A,UPI,Pending,03-07-2025
ORD1003,03-02-2025,Rohit,rohit45@gmail.com,9280491167,Pune,Maharashtra,Watch,Fashion,5 ,4999,20,Card,Pending,09-02-2025
ORD1004,06-05-2025,Amit,amit6@gmail.com,9943310925,Jaipur,Rajasthan,Mouse,Electronics,3,1999 ,5,COD,Returned,08-05-2025
ORD1005,20-01-2025,Vikas,vikas51@gmail.com,9495120474,Bengaluru,Karnataka,Laptop,Electronics,N/A,NULL,15,Wallet,Pending,27-01-2025
ORD1006,02-04-2025,Rohit,rohit71@gmail.com,9237331620,Pune,Maharashtra,Bottle,Home,N/A,1999 , ,Wallet,Cancelled,07-04-2025
ORD1007,10-02-2025,Rahul,rahul82@gmail.com,9517780193,Mumbai,Maharashtra,Mouse,Electronics,3,499,20,Wallet,Cancelled,18-02-2025
ORD1008,17-02-2025,Rahul,rahul71@gmail.com,9789375429,Lucknow,UP,Mouse,Electronics,4,9999,N/A,Card,Returned,27-02-2025
ORD1009,2025/03/21,Rahul,rahul99@gmail.com,9552649559,Mumbai,Maharashtra,Bottle,Home,2,1499, ,Wallet,Pending,28-03-2025
ORD1010,10-04-2025,Rohit,rohit96@gmail.com,9700116928,Jaipur,Rajasthan,Mouse,Electronics,1,NULL, ,NetBanking,Delivered,16-04-2025
ORD1011,11-01-2025,Neha,neha22@gmail.com,9580304152,Jaipur,Rajasthan,Chair,Furniture,3,999, ,COD,Pending,16-01-2025
ORD1012,03-03-2025,Vikas,vikas46@gmail.com,9551158398,Jaipur,Rajasthan,Shoes,Fashion,3,999,5,COD,Cancelled,09-03-2025
ORD1013,30-04-2025,Rohit,rohit96@gmail.com,9899011969,Mumbai,Maharashtra,Shoes,Fashion,-1,4999,10,COD,Cancelled,04-05-2025
ORD1014,25-02-2025,Neha,neha76@gmail.com,9768913402,Jaipur,Rajasthan,Shoes,Fashion,-1,NULL,0,NetBanking,Returned,28-02-2025
ORD1015,17-03-2025,Rohit,rohit6@gmail.com,9643353842,Lucknow,UP,Bottle,Home,5 ,NULL,5,Card,Returned,19-03-2025
ORD1016,31-03-2025,Sneha,sneha86@gmail.com,9125254427,Pune,Maharashtra,Laptop,Electronics,3,4999,20,NetBanking,Pending,09-04-2025
ORD1017,12-01-2025,Vikas,vikas12@gmail.com,9498228945,Jaipur,Rajasthan,Watch,Fashion,1,4999,10,NetBanking,Pending,22-01-2025
ORD1018,2025/06/23,Amit,amit96@gmail.com,9124086971,Mumbai ,Maharashtra,Shoes,Fashion,2,4999,5,Wallet,Delivered,30-06-2025
ORD1019,06-03-2025,Vikas,vikas20@gmail.com,9524467082,Bengaluru,Karnataka,Chair,Furniture,3,1499,0,COD,Returned,16-03-2025
ORD1020,15-03-2025,Rahul,rahul90@gmail.com,9106119129,Pune,Maharashtra,Watch,Fashion,3,999,N/A,UPI,Returned,17-03-2025
ORD1021,27-01-2025,Priya,priya82@gmail.com,9583849937,Pune,Maharashtra,Chair,Furniture,3,NULL,5,UPI,Cancelled,02-02-2025
ORD1022,13-06-2025,Vikas,vikas18@gmail.com,N/A,Pune,Maharashtra,Shoes,Fashion,-1,1499,N/A,NetBanking,Cancelled,22-06-2025
ORD1023,27-04-2025,Neha,neha70@gmail.com,9133995118,Mumbai,Maharashtra,Shoes,Fashion,1,499,5,COD,Pending,01-05-2025
ORD1024,29-06-2025,Rohit,rohit60@gmail.com,9633404088,Bengaluru,Karnataka,Mouse,Electronics,3,NULL,15,Card,Cancelled,08-07-2025
ORD1025,12-01-2025,Rahul,rahul54@gmail.com,9850537744,Delhi,Delhi,Bottle,Home,N/A,9999,10,COD,Pending,
ORD1026,05-04-2025,Sneha,sneha71@gmail.com,9967773139,Bengaluru,Karnataka,Bottle,Home,4,9999,10,Wallet,Returned,08-04-2025
ORD1027,2025/02/14,rahul  ,rahul7@gmail.com,9924848943,Pune,Maharashtra,Chair,Furniture,N/A,NULL,15,UPI,Returned,23-02-2025
ORD1028,05-06-2025,Amit,amit15@gmail.com,9853264878,Lucknow,UP,Watch,Fashion,3,4999,N/A,NetBanking,Cancelled,09-06-2025
ORD1029,06-02-2025,Rahul,rahul82@gmail.com,9689560222,Pune,Maharashtra,Bottle,Home,5 ,1499, ,COD,Delivered,13-02-2025
ORD1030,25-04-2025,Rahul,rahul52@gmail.com,9882683944,Mumbai,Maharashtra,Shoes,Fashion,1,9999,20,UPI,Delivered,01-05-2025
ORD1031,20-03-2025,Sneha,sneha76gmail.com,9946815525,Mumbai,Maharashtra,Shoes,Fashion,5,499,20,Card,Delivered,27-03-2025
ORD1032,12-04-2025,Neha,neha79@gmail.com,9312273373,Pune,Maharashtra,Bottle,Home,1,499,20,UPI,Delivered,21-04-2025
ORD1033,18-02-2025,Amit,amit13@gmail.com,9183234274,Bengaluru,Karnataka,Shoes,Fashion,-1,499,10,Card,Pending,28-02-2025
ORD1034,13-05-2025,Amit,amit55@gmail.com,9798448836,Pune,Maharashtra,Bottle,Home,4,4999, ,NetBanking,Pending,21-05-2025
ORD1035,11-03-2025,Priya,priya6@gmail.com,9411511306,Mumbai,Maharashtra,Shoes,Fashion,N/A,999,N/A,Wallet,Cancelled,15-03-2025
ORD1036,2025/02/25,Rohit,rohit22@gmail.com,9900319782,Pune ,Maharashtra,Watch,Fashion,-1,4999,5,NetBanking,Cancelled,05-03-2025
ORD1037,18-03-2025,Sneha,sneha78@gmail.com,9420497333,Bengaluru,Karnataka,Laptop,Electronics,N/A,4999,0,Card,Delivered,21-03-2025
ORD1038,15-01-2025,Neha,neha50@gmail.com,9764950042,Mumbai,Maharashtra,Laptop,Electronics,-1,2599,5,Wallet,Delivered,22-01-2025
ORD1039,20-03-2025,Rahul,rahul33@gmail.com,9193291098,Jaipur,Rajasthan,Laptop,Electronics,1,2599,15,Wallet,Returned,25-03-2025
ORD1040,32-13-2025,Sneha,sneha23@gmail.com,9116124699,Delhi,Delhi,Bottle,Home,5 ,1499,10,Card,Returned,17-06-2025
ORD1041,25-06-2025,Rahul,rahul11@gmail.com,9940596133,Bengaluru,Karnataka,Bottle,Home,5,9999, ,UPI,Returned,29-06-2025
ORD1042,13-01-2025,Rahul,rahul66@gmail.com,9792040786,Mumbai,Maharashtra,Bottle,Home,4,NULL,15,NetBanking,Delivered,15-01-2025
ORD1043,16-04-2025,Rahul,rahul61@gmail.com,9157741059,Delhi,Delhi,Laptop,Electronics,2,2599,5,COD,Pending,26-04-2025
ORD1044,09-06-2025,Rahul,rahul93@gmail.com,N/A,Lucknow,UP,Bottle,Home,-1,4999, ,NetBanking,Delivered,13-06-2025
ORD1045,2025/03/05,Priya,priya61@gmail.com,9111524138,Bengaluru,Karnataka,Laptop,Electronics,3,1499,10,Wallet,Pending,13-03-2025
ORD1046,08-02-2025,Rahul,rahul60@gmail.com,9674821417,Pune,Maharashtra,Shoes,Fashion,N/A,499,0,Card,Pending,18-02-2025
ORD1047,17-03-2025,Rohit,rohit24@gmail.com,9603990367,Jaipur,Rajasthan,Shoes,Fashion,1,999,20,NetBanking,Cancelled,24-03-2025
ORD1048,25-02-2025,Sneha,sneha28@gmail.com,9177495407,Bengaluru,Karnataka,Shoes,Fashion,N/A,1999 ,N/A,Wallet,Cancelled,07-03-2025
ORD1049,15-04-2025,Amit,amit42@gmail.com,9533399379,Lucknow,UP,Watch,Fashion,5,2599,N/A,COD,Returned,23-04-2025
ORD1050,15-02-2025,Priya,priya65@gmail.com,9841250922,Mumbai,Maharashtra,Chair,Furniture,-1,1999 ,15,Card,Returned,
ORD1051,24-05-2025,Sneha,sneha52@gmail.com,9643197286,Lucknow,UP,Laptop,Electronics,N/A,499,10,Wallet,Pending,31-05-2025
ORD1052,25-02-2025,Sneha,sneha63@gmail.com,9276376917,Pune,Maharashtra,Mouse,Electronics,5,9999,0,UPI,Returned,02-03-2025
ORD1053,23-05-2025,Sneha,sneha39@gmail.com,9432994066,Mumbai,Maharashtra,Laptop,Electronics,1,1999 ,N/A,COD,Delivered,29-05-2025
ORD1054,2025/05/15,sneha  ,sneha78@gmail.com,9399449203,Jaipur ,Rajasthan,Laptop,Electronics,2,999,20,NetBanking,Pending,25-05-2025
ORD1055,19-03-2025,Priya,priya20@gmail.com,9224364160,Pune,Maharashtra,Mouse,Electronics,-1,999,0,UPI,Cancelled,21-03-2025
ORD1056,29-05-2025,Neha,neha98@gmail.com,9481676392,Pune,Maharashtra,Chair,Furniture,2,9999,15,COD,Cancelled,31-05-2025
ORD1057,03-02-2025,Rohit,rohit66@gmail.com,9358211659,Bengaluru,Karnataka,Chair,Furniture,5 ,1499,N/A,Wallet,Pending,06-02-2025
ORD1058,12-02-2025,Sneha,sneha17@gmail.com,9581041302,Jaipur,Rajasthan,Chair,Furniture,2,2599,15,Card,Cancelled,17-02-2025
ORD1059,07-05-2025,Vikas,vikas8@gmail.com,9966346542,Pune,Maharashtra,Mouse,Electronics,5,999, ,NetBanking,Delivered,17-05-2025
ORD1060,09-04-2025,Rohit,rohit64@gmail.com,9848493769,Delhi,Delhi,Laptop,Electronics,5 ,999,0,COD,Returned,15-04-2025
ORD1061,01-06-2025,Vikas,vikas12@gmail.com,9714988193,Jaipur,Rajasthan,Shoes,Fashion,5,499,10,UPI,Cancelled,05-06-2025
ORD1062,29-06-2025,Amit,amit18gmail.com,9177835684,Pune,Maharashtra,Watch,Fashion,1,499,20,UPI,Delivered,07-07-2025
ORD1063,2025/06/30,Priya,priya79@gmail.com,9381141151,Jaipur,Rajasthan,Laptop,Electronics,-1,1499, ,UPI,Cancelled,04-07-2025
ORD1064,28-06-2025,Rohit,rohit44@gmail.com,9745435168,Lucknow,UP,Bottle,Home,1,1999 ,5,NetBanking,Cancelled,04-07-2025
ORD1065,27-04-2025,Sneha,sneha92@gmail.com,9231780669,Mumbai,Maharashtra,Shoes,Fashion,3,1499,10,NetBanking,Pending,01-05-2025
ORD1066,05-05-2025,Neha,neha26@gmail.com,N/A,Mumbai,Maharashtra,Watch,Fashion,5,2599,20,Card,Returned,14-05-2025
ORD1067,10-03-2025,Sneha,sneha9@gmail.com,9631416622,Delhi,Delhi,Shoes,Fashion,1,NULL,0,NetBanking,Returned,16-03-2025
ORD1068,23-05-2025,Neha,neha36@gmail.com,9533724406,Mumbai,Maharashtra,Chair,Furniture,N/A,1999 , ,Wallet,Returned,27-05-2025
ORD1069,20-01-2025,Vikas,vikas55@gmail.com,9385463872,Lucknow,UP,Shoes,Fashion,1,4999,N/A,Card,Cancelled,28-01-2025
ORD1070,28-02-2025,Sneha,sneha18@gmail.com,9191665927,Delhi,Delhi,Chair,Furniture,1,499,N/A,Wallet,Cancelled,04-03-2025
ORD1071,13-01-2025,Priya,priya8@gmail.com,9398321309,Delhi,Delhi,Laptop,Electronics,4,999,15,Card,Returned,21-01-2025
ORD1072,2025/03/29,Sneha,sneha64@gmail.com,9920347519,Bengaluru ,Karnataka,Chair,Furniture,3,4999,0,Card,Returned,07-04-2025
 ,26-01-2025,Vikas,vikas17@gmail.com,9814518863,Mumbai,Maharashtra,Chair,Furniture,4,4999,15,NetBanking,Cancelled,31-01-2025
ORD1074,15-06-2025,Neha,neha79@gmail.com,9851707847,Pune,Maharashtra,Chair,Furniture,5 ,4999,20,Card,Delivered,19-06-2025
ORD1075,20-05-2025,Vikas,vikas2@gmail.com,9934129735,Pune,Maharashtra,Mouse,Electronics,4,4999,5,NetBanking,Pending,
ORD1076,13-06-2025,Priya,priya23@gmail.com,9591634565,Lucknow,UP,Watch,Fashion,N/A,2599,20,NetBanking,Delivered,21-06-2025
ORD1077,24-01-2025,Neha,neha85@gmail.com,9919894416,Mumbai,Maharashtra,Bottle,Home,2,499, ,Wallet,Cancelled,30-01-2025
ORD1078,01-02-2025,Neha,neha42@gmail.com,9561350940,Lucknow,UP,Chair,Furniture,5 ,1499,20,Card,Pending,06-02-2025
ORD1079,27-01-2025,Priya,priya59@gmail.com,9961124731,Lucknow,UP,Mouse,Electronics,1,1999 ,15,Card,Returned,04-02-2025
ORD1080,32-13-2025,Priya,priya79@gmail.com,9541666116,Jaipur,Rajasthan,Laptop,Electronics,5 ,1499,5,COD,Returned,15-03-2025
ORD1081,2025/05/25,sneha  ,sneha41@gmail.com,9406235087,Jaipur,Rajasthan,Bottle,Home,5,999,20,Wallet,Returned,04-06-2025
ORD1082,01-06-2025,Vikas,vikas84@gmail.com,9289950400,Pune,Maharashtra,Watch,Fashion,3,1999 ,5,COD,Pending,08-06-2025
ORD1083,14-05-2025,Priya,priya17@gmail.com,9678334449,Bengaluru,Karnataka,Shoes,Fashion,5,2599,15,Wallet,Cancelled,20-05-2025
ORD1084,28-01-2025,Sneha,sneha42@gmail.com,9224233737,Delhi,Delhi,Mouse,Electronics,5,NULL,5,UPI,Delivered,04-02-2025
ORD1085,02-01-2025,Vikas,vikas8@gmail.com,9811000878,Mumbai,Maharashtra,Chair,Furniture,1,1999 ,15,Card,Returned,07-01-2025
ORD1086,24-03-2025,Rahul,rahul51@gmail.com,9334759931,Lucknow,UP,Mouse,Electronics,5 ,2599,5,Card,Delivered,02-04-2025
ORD1087,22-04-2025,Vikas,vikas58@gmail.com,9709409870,Bengaluru,Karnataka,Bottle,Home,5,2599,10,Card,Delivered,30-04-2025
ORD1088,04-05-2025,Rahul,rahul31@gmail.com,N/A,Bengaluru,Karnataka,Bottle,Home,5 ,9999,10,Card,Cancelled,09-05-2025
ORD1089,16-06-2025,Vikas,vikas11@gmail.com,9565018695,Jaipur,Rajasthan,Shoes,Fashion,-1,4999, ,COD,Delivered,18-06-2025
ORD1090,2025/06/13,Amit,amit3@gmail.com,9808583333,Bengaluru ,Karnataka,Chair,Furniture,-1,NULL,10,Card,Pending,21-06-2025
ORD1091,10-03-2025,Sneha,sneha83@gmail.com,9351580623,Bengaluru,Karnataka,Bottle,Home,-1,4999, ,COD,Cancelled,16-03-2025
ORD1092,29-04-2025,Sneha,sneha41@gmail.com,9363257894,Lucknow,UP,Shoes,Fashion,-1,4999,N/A,Card,Returned,09-05-2025
ORD1093,21-06-2025,Priya,priya20gmail.com,9980807282,Mumbai,Maharashtra,Laptop,Electronics,2,9999,N/A,NetBanking,Returned,26-06-2025
ORD1094,17-05-2025,Rohit,rohit4@gmail.com,9462327553,Delhi,Delhi,Mouse,Electronics,3,9999, ,UPI,Pending,26-05-2025
ORD1095,05-04-2025,Rahul,rahul23@gmail.com,9141462098,Delhi,Delhi,Chair,Furniture,2,999,15,UPI,Cancelled,15-04-2025
ORD1096,05-04-2025,Rohit,rohit73@gmail.com,9444104993,Mumbai,Maharashtra,Shoes,Fashion,5,NULL,0,UPI,Pending,15-04-2025
ORD1097,01-04-2025,Sneha,sneha71@gmail.com,9339643495,Mumbai,Maharashtra,Shoes,Fashion,1,NULL,N/A,Card,Delivered,07-04-2025
ORD1098,01-06-2025,Neha,neha42@gmail.com,9795658556,Mumbai,Maharashtra,Chair,Furniture,5,9999,15,COD,Returned,04-06-2025
ORD1099,2025/03/12,Rahul,rahul62@gmail.com,9409139402,Lucknow,UP,Bottle,Home,1,499,0,UPI,Pending,15-03-2025
ORD1100,18-03-2025,Priya,priya72@gmail.com,9126426468,Pune,Maharashtra,Mouse,Electronics,5,499,15,COD,Pending,
ORD1101,11-01-2025,Neha,neha11@gmail.com,9496797675,Mumbai,Maharashtra,Chair,Furniture,-1,499,20,UPI,Pending,14-01-2025
ORD1102,07-01-2025,Sneha,sneha37@gmail.com,9507523995,Mumbai,Maharashtra,Chair,Furniture,5,2599,5,COD,Pending,11-01-2025
ORD1103,26-01-2025,Rohit,rohit37@gmail.com,9792751135,Pune,Maharashtra,Mouse,Electronics,2,999,20,Wallet,Cancelled,03-02-2025
ORD1104,09-06-2025,Vikas,vikas78@gmail.com,9921698580,Jaipur,Rajasthan,Shoes,Fashion,N/A,1999 ,20,COD,Cancelled,16-06-2025
ORD1105,16-04-2025,Sneha,sneha29@gmail.com,9130855060,Lucknow,UP,Laptop,Electronics,4,9999, ,COD,Cancelled,21-04-2025
ORD1106,23-05-2025,Rohit,rohit23@gmail.com,9223201376,Mumbai,Maharashtra,Bottle,Home,N/A,2599,15,Wallet,Delivered,26-05-2025
ORD1107,25-01-2025,Priya,priya18@gmail.com,9857341843,Bengaluru,Karnataka,Laptop,Electronics,3,1999 , ,Wallet,Returned,27-01-2025
ORD1108,2025/06/13,amit  ,amit15@gmail.com,9653805102,Pune ,Maharashtra,Watch,Fashion,N/A,2599,5,COD,Pending,23-06-2025
ORD1109,09-05-2025,Priya,priya47@gmail.com,9771632294,Jaipur,Rajasthan,Chair,Furniture,2,9999, ,Wallet,Returned,16-05-2025
ORD1110,16-05-2025,Sneha,sneha32@gmail.com,N/A,Lucknow,UP,Bottle,Home,2,999, ,NetBanking,Returned,25-05-2025
ORD1111,09-04-2025,Rohit,rohit76@gmail.com,9978213662,Pune,Maharashtra,Shoes,Fashion,1,2599,15,NetBanking,Returned,11-04-2025
ORD1112,31-05-2025,Rohit,rohit23@gmail.com,9476674723,Bengaluru,Karnataka,Bottle,Home,4,2599,15,UPI,Delivered,02-06-2025
ORD1113,10-02-2025,Amit,amit39@gmail.com,9125790157,Lucknow,UP,Laptop,Electronics,4,499,0,NetBanking,Cancelled,19-02-2025
ORD1114,23-06-2025,Rahul,rahul27@gmail.com,9963695338,Jaipur,Rajasthan,Chair,Furniture,5 ,999,10,Wallet,Returned,01-07-2025
ORD1115,25-05-2025,Rahul,rahul17@gmail.com,9306692646,Delhi,Delhi,Shoes,Fashion,2,2599,10,COD,Cancelled,30-05-2025
ORD1116,16-01-2025,Neha,neha74@gmail.com,9328163443,Mumbai,Maharashtra,Watch,Fashion,4,1499,0,NetBanking,Pending,23-01-2025
ORD1117,2025/05/10,Priya,priya97@gmail.com,9735134223,Lucknow,UP,Bottle,Home,5,4999,0,COD,Delivered,16-05-2025
ORD1118,04-01-2025,Amit,amit84@gmail.com,9723634829,Jaipur,Rajasthan,Mouse,Electronics,N/A,9999,10,COD,Cancelled,14-01-2025
ORD1119,12-02-2025,Rohit,rohit97@gmail.com,9739414080,Bengaluru,Karnataka,Laptop,Electronics,5,1999 , ,UPI,Cancelled,20-02-2025
ORD1120,32-13-2025,Priya,priya70@gmail.com,9908689377,Mumbai,Maharashtra,Chair,Furniture,2,4999,20,UPI,Cancelled,26-03-2025
ORD1121,20-05-2025,Vikas,vikas22@gmail.com,9870762927,Pune,Maharashtra,Mouse,Electronics,1,4999,10,NetBanking,Cancelled,30-05-2025
ORD1122,22-01-2025,Neha,neha63@gmail.com,9156805257,Delhi,Delhi,Shoes,Fashion,3,1999 ,15,Wallet,Pending,01-02-2025
ORD1123,30-04-2025,Rohit,rohit35@gmail.com,9130062131,Mumbai,Maharashtra,Watch,Fashion,1,2599,10,NetBanking,Cancelled,05-05-2025
ORD1124,20-03-2025,Rahul,rahul45gmail.com,9927031899,Jaipur,Rajasthan,Shoes,Fashion,-1,999,20,Card,Pending,26-03-2025
ORD1125,09-01-2025,Priya,priya18@gmail.com,9501386326,Lucknow,UP,Bottle,Home,1,NULL,15,Wallet,Returned,
ORD1126,2025/05/17,Amit,amit10@gmail.com,9479561164,Delhi ,Delhi,Shoes,Fashion,5 ,2599,N/A,Wallet,Pending,27-05-2025
ORD1127,01-01-2025,Rahul,rahul90@gmail.com,9327541358,Delhi,Delhi,Watch,Fashion,4,999, ,COD,Returned,06-01-2025
ORD1128,21-02-2025,Vikas,vikas76@gmail.com,9363445434,Mumbai,Maharashtra,Watch,Fashion,4,1499,15,Wallet,Returned,24-02-2025
ORD1129,27-01-2025,Amit,amit9@gmail.com,9325119847,Lucknow,UP,Shoes,Fashion,-1,1999 , ,UPI,Delivered,29-01-2025
ORD1130,13-01-2025,Priya,priya44@gmail.com,9916562666,Delhi,Delhi,Bottle,Home,2,NULL,5,Card,Cancelled,23-01-2025
ORD1131,31-05-2025,Sneha,sneha26@gmail.com,9292626295,Lucknow,UP,Bottle,Home,N/A,999,10,UPI,Returned,05-06-2025
ORD1132,29-03-2025,Amit,amit24@gmail.com,N/A,Bengaluru,Karnataka,Watch,Fashion,N/A,2599, ,COD,Pending,04-04-2025
ORD1133,06-06-2025,Vikas,vikas88@gmail.com,9376799977,Jaipur,Rajasthan,Watch,Fashion,N/A,1999 ,15,COD,Cancelled,09-06-2025
ORD1134,02-03-2025,Vikas,vikas63@gmail.com,9988475551,Pune,Maharashtra,Laptop,Electronics,3,499,0,Wallet,Cancelled,10-03-2025
ORD1135,2025/06/28,neha  ,neha92@gmail.com,9614026109,Mumbai,Maharashtra,Shoes,Fashion,1,1999 ,20,NetBanking,Pending,01-07-2025
ORD1136,21-06-2025,Rahul,rahul44@gmail.com,9843123958,Pune,Maharashtra,Mouse,Electronics,3,9999,10,Card,Delivered,25-06-2025
ORD1137,08-05-2025,Priya,priya19@gmail.com,9332427755,Delhi,Delhi,Mouse,Electronics,5,4999,10,Card,Pending,12-05-2025
ORD1138,09-05-2025,Rahul,rahul11@gmail.com,9944201387,Lucknow,UP,Shoes,Fashion,5 ,4999,5,UPI,Delivered,18-05-2025
ORD1139,23-04-2025,Amit,amit5@gmail.com,9371222104,Bengaluru,Karnataka,Bottle,Home,3,2599, ,UPI,Cancelled,25-04-2025
ORD1140,05-05-2025,Neha,neha87@gmail.com,9450353595,Lucknow,UP,Laptop,Electronics,1,4999,10,NetBanking,Cancelled,12-05-2025
ORD1141,12-05-2025,Amit,amit95@gmail.com,9184871973,Pune,Maharashtra,Chair,Furniture,5 ,9999,0,Wallet,Cancelled,21-05-2025
ORD1142,18-06-2025,Vikas,vikas38@gmail.com,9879878656,Mumbai,Maharashtra,Shoes,Fashion,5 ,1999 ,0,Card,Cancelled,21-06-2025
ORD1143,16-04-2025,Neha,neha16@gmail.com,9599207109,Bengaluru,Karnataka,Chair,Furniture,5,4999,N/A,COD,Returned,18-04-2025
ORD1144,2025/03/16,Vikas,vikas79@gmail.com,9571041137,Delhi ,Delhi,Watch,Fashion,1,1499, ,Wallet,Returned,20-03-2025
ORD1145,27-04-2025,Rahul,rahul70@gmail.com,9503257666,Mumbai,Maharashtra,Bottle,Home,1,1499,0,COD,Pending,02-05-2025
 ,15-01-2025,Sneha,sneha17@gmail.com,9151754926,Lucknow,UP,Bottle,Home,5 ,4999,5,COD,Returned,21-01-2025
ORD1147,27-05-2025,Priya,priya22@gmail.com,9477542989,Pune,Maharashtra,Bottle,Home,-1,499,15,NetBanking,Returned,02-06-2025
ORD1148,28-03-2025,Rahul,rahul11@gmail.com,9859241823,Mumbai,Maharashtra,Watch,Fashion,1,999,20,COD,Cancelled,05-04-2025
ORD1149,01-04-2025,Priya,priya44@gmail.com,9690060173,Pune,Maharashtra,Shoes,Fashion,2,1999 ,N/A,NetBanking,Returned,10-04-2025
ORD1150,15-05-2025,Rohit,rohit3@gmail.com,9783266736,Mumbai,Maharashtra,Shoes,Fashion,5 ,2599,10,UPI,Cancelled,
ORD1151,14-02-2025,Amit,amit62@gmail.com,9779578645,Delhi,Delhi,Mouse,Electronics,1,2599,10,Wallet,Delivered,23-02-2025
ORD1152,18-06-2025,Sneha,sneha20@gmail.com,9205144628,Jaipur,Rajasthan,Shoes,Fashion,2,4999,N/A,Wallet,Pending,20-06-2025
ORD1153,2025/06/08,Rohit,rohit92@gmail.com,9216677477,Bengaluru,Karnataka,Watch,Fashion,1,4999, ,Card,Returned,12-06-2025
ORD1154,24-04-2025,Priya,priya58@gmail.com,N/A,Pune,Maharashtra,Shoes,Fashion,5,2599,N/A,NetBanking,Delivered,28-04-2025
ORD1155,07-04-2025,Amit,amit98gmail.com,9597661845,Mumbai,Maharashtra,Watch,Fashion,1,1499,0,COD,Delivered,17-04-2025
ORD1156,19-02-2025,Neha,neha27@gmail.com,9482580040,Bengaluru,Karnataka,Laptop,Electronics,N/A,4999,15,Wallet,Delivered,27-02-2025
ORD1157,11-02-2025,Amit,amit67@gmail.com,9600093777,Delhi,Delhi,Laptop,Electronics,N/A,NULL,N/A,Card,Cancelled,15-02-2025
ORD1158,09-06-2025,Rohit,rohit77@gmail.com,9893447040,Lucknow,UP,Chair,Furniture,2,9999,20,Wallet,Delivered,13-06-2025
ORD1159,11-03-2025,Neha,neha72@gmail.com,9719104422,Bengaluru,Karnataka,Laptop,Electronics,3,2599, ,Wallet,Cancelled,14-03-2025
ORD1160,32-13-2025,Priya,priya27@gmail.com,9203667343,Mumbai,Maharashtra,Bottle,Home,2,9999,20,COD,Delivered,13-04-2025
ORD1161,30-06-2025,Priya,priya55@gmail.com,9835595944,Mumbai,Maharashtra,Chair,Furniture,4,1499,20,Wallet,Delivered,08-07-2025
ORD1162,2025/03/28,sneha  ,sneha8@gmail.com,9313737490,Delhi ,Delhi,Watch,Fashion,1,2599, ,Card,Delivered,01-04-2025
ORD1163,12-02-2025,Rahul,rahul56@gmail.com,9611164415,Delhi,Delhi,Shoes,Fashion,-1,2599,N/A,Wallet,Delivered,14-02-2025
ORD1164,03-04-2025,Vikas,vikas56@gmail.com,9849315681,Lucknow,UP,Bottle,Home,5,2599,15,COD,Delivered,10-04-2025
ORD1165,19-04-2025,Neha,neha28@gmail.com,9235161022,Mumbai,Maharashtra,Laptop,Electronics,2,499, ,UPI,Pending,29-04-2025
ORD1166,02-04-2025,Neha,neha3@gmail.com,9921574268,Delhi,Delhi,Chair,Furniture,5 ,1499,20,COD,Delivered,04-04-2025
ORD1167,25-05-2025,Sneha,sneha62@gmail.com,9501654641,Mumbai,Maharashtra,Mouse,Electronics,3,499,0,NetBanking,Delivered,27-05-2025
ORD1168,27-02-2025,Vikas,vikas27@gmail.com,9983080625,Lucknow,UP,Watch,Fashion,1,2599,15,NetBanking,Returned,05-03-2025
ORD1169,28-02-2025,Rahul,rahul11@gmail.com,9846751763,Delhi,Delhi,Watch,Fashion,3,999,15,COD,Cancelled,07-03-2025
ORD1170,21-01-2025,Neha,neha82@gmail.com,9558798402,Jaipur,Rajasthan,Shoes,Fashion,5 ,1499,N/A,COD,Delivered,23-01-2025
ORD1171,2025/05/11,Amit,amit78@gmail.com,9918288229,Pune,Maharashtra,Mouse,Electronics,N/A,999, ,UPI,Delivered,15-05-2025
ORD1172,26-02-2025,Neha,neha16@gmail.com,9521714786,Pune,Maharashtra,Mouse,Electronics,3,499, ,Wallet,Pending,04-03-2025
ORD1173,26-04-2025,Rahul,rahul89@gmail.com,9999073839,Bengaluru,Karnataka,Watch,Fashion,1,4999,15,COD,Cancelled,30-04-2025
ORD1174,15-02-2025,Priya,priya60@gmail.com,9842003798,Bengaluru,Karnataka,Bottle,Home,N/A,1999 , ,COD,Delivered,20-02-2025
ORD1175,26-02-2025,Rahul,rahul22@gmail.com,9423004673,Delhi,Delhi,Watch,Fashion,1,1499,5,Wallet,Returned,
ORD1176,03-06-2025,Neha,neha19@gmail.com,N/A,Mumbai,Maharashtra,Mouse,Electronics,3,4999,10,Wallet,Pending,08-06-2025
ORD1177,07-04-2025,Priya,priya13@gmail.com,9461242197,Jaipur,Rajasthan,Shoes,Fashion,4,NULL,20,COD,Returned,17-04-2025
ORD1178,26-04-2025,Rohit,rohit52@gmail.com,9667967484,Lucknow,UP,Watch,Fashion,3,999,10,UPI,Cancelled,06-05-2025
ORD1179,19-05-2025,Amit,amit49@gmail.com,9617911882,Mumbai,Maharashtra,Watch,Fashion,4,4999,N/A,Card,Cancelled,25-05-2025
ORD1180,2025/05/05,Amit,amit30@gmail.com,9640151081,Mumbai ,Maharashtra,Laptop,Electronics,-1,499,0,UPI,Cancelled,10-05-2025
ORD1181,19-03-2025,Amit,amit5@gmail.com,9421136377,Delhi,Delhi,Laptop,Electronics,3,1499,15,COD,Cancelled,25-03-2025
ORD1182,25-06-2025,Rahul,rahul46@gmail.com,9993898089,Bengaluru,Karnataka,Bottle,Home,5 ,499,20,NetBanking,Returned,05-07-2025
ORD1183,12-04-2025,Amit,amit77@gmail.com,9241602288,Delhi,Delhi,Bottle,Home,4,9999,20,NetBanking,Cancelled,18-04-2025
ORD1184,30-06-2025,Priya,priya37@gmail.com,9830144426,Jaipur,Rajasthan,Chair,Furniture,N/A,4999,20,Card,Pending,04-07-2025
ORD1185,14-02-2025,Rahul,rahul56@gmail.com,9870048875,Delhi,Delhi,Watch,Fashion,1,999,N/A,NetBanking,Cancelled,18-02-2025
ORD1186,31-03-2025,Vikas,vikas44gmail.com,9462113296,Mumbai,Maharashtra,Chair,Furniture,-1,499,10,Card,Pending,07-04-2025
ORD1187,06-06-2025,Rahul,rahul91@gmail.com,9299209389,Delhi,Delhi,Mouse,Electronics,5,2599, ,Card,Returned,13-06-2025
ORD1188,18-02-2025,Rohit,rohit68@gmail.com,9134839694,Mumbai,Maharashtra,Mouse,Electronics,-1,2599,15,COD,Cancelled,28-02-2025
ORD1189,2025/04/30,neha  ,neha84@gmail.com,9104440852,Pune,Maharashtra,Shoes,Fashion,2,499,0,UPI,Pending,07-05-2025
ORD1190,27-06-2025,Rohit,rohit72@gmail.com,9828064790,Bengaluru,Karnataka,Laptop,Electronics,3,1499,N/A,NetBanking,Delivered,30-06-2025
ORD1191,10-05-2025,Sneha,sneha85@gmail.com,9260651088,Bengaluru,Karnataka,Bottle,Home,3,NULL,20,Wallet,Delivered,17-05-2025
ORD1192,10-04-2025,Sneha,sneha47@gmail.com,9346739926,Lucknow,UP,Chair,Furniture,2,1499,N/A,UPI,Returned,20-04-2025
ORD1193,24-02-2025,Rahul,rahul83@gmail.com,9914184322,Pune,Maharashtra,Bottle,Home,3,499,N/A,Wallet,Returned,01-03-2025
ORD1194,17-05-2025,Neha,neha48@gmail.com,9251581328,Bengaluru,Karnataka,Laptop,Electronics,5,1499,N/A,Card,Delivered,27-05-2025
ORD1195,26-06-2025,Rahul,rahul97@gmail.com,9670476961,Pune,Maharashtra,Shoes,Fashion,2,9999,20,COD,Delivered,01-07-2025
ORD1196,19-05-2025,Rohit,rohit36@gmail.com,9343829003,Lucknow,UP,Laptop,Electronics,4,9999,20,COD,Delivered,26-05-2025
ORD1197,31-03-2025,Rahul,rahul76@gmail.com,9977813525,Mumbai,Maharashtra,Watch,Fashion,5 ,499, ,COD,Delivered,07-04-2025
ORD1198,2025/05/11,Vikas,vikas75@gmail.com,N/A,Mumbai ,Maharashtra,Mouse,Electronics,-1,999,10,Card,Delivered,19-05-2025
ORD1199,16-03-2025,Priya,priya25@gmail.com,9827915503,Mumbai,Maharashtra,Chair,Furniture,-1,499,N/A,NetBanking,Returned,25-03-2025
ORD1200,32-13-2025,Rohit,rohit8@gmail.com,9900633970,Jaipur,Rajasthan,Mouse,Electronics,4,1499,5,Wallet,Pending,
ORD1201,24-01-2025,Rohit,rohit31@gmail.com,9117012775,Bengaluru,Karnataka,Shoes,Fashion,2,1999 ,0,UPI,Delivered,29-01-2025
ORD1202,16-05-2025,Rohit,rohit29@gmail.com,9297341581,Bengaluru,Karnataka,Chair,Furniture,5 ,9999, ,Wallet,Delivered,21-05-2025
ORD1203,29-04-2025,Vikas,vikas36@gmail.com,9900923665,Bengaluru,Karnataka,Bottle,Home,4,2599,20,UPI,Cancelled,07-05-2025
ORD1204,27-04-2025,Amit,amit28@gmail.com,9221581146,Lucknow,UP,Chair,Furniture,2,2599,N/A,NetBanking,Pending,02-05-2025
ORD1205,01-05-2025,Sneha,sneha50@gmail.com,9244857483,Pune,Maharashtra,Watch,Fashion,N/A,9999,N/A,COD,Delivered,04-05-2025
ORD1206,17-03-2025,Vikas,vikas95@gmail.com,9428593006,Bengaluru,Karnataka,Chair,Furniture,2,9999,0,UPI,Cancelled,22-03-2025
ORD1207,2025/03/14,Neha,neha51@gmail.com,9327323248,Delhi,Delhi,Laptop,Electronics,2,4999,20,UPI,Delivered,19-03-2025
ORD1208,19-02-2025,Sneha,sneha2@gmail.com,9448697337,Delhi,Delhi,Chair,Furniture,N/A,1499,N/A,UPI,Pending,25-02-2025
ORD1209,06-04-2025,Sneha,sneha58@gmail.com,9630635911,Pune,Maharashtra,Mouse,Electronics,N/A,1999 ,0,COD,Pending,12-04-2025
ORD1210,30-03-2025,Amit,amit72@gmail.com,9629685031,Mumbai,Maharashtra,Laptop,Electronics,N/A,NULL,N/A,COD,Returned,08-04-2025
ORD1211,25-02-2025,Rahul,rahul53@gmail.com,9264832711,Bengaluru,Karnataka,Chair,Furniture,N/A,1499, ,COD,Returned,04-03-2025
ORD1212,14-01-2025,Rohit,rohit67@gmail.com,9919764359,Pune,Maharashtra,Laptop,Electronics,5,1999 ,20,NetBanking,Delivered,23-01-2025
ORD1213,24-03-2025,Vikas,vikas32@gmail.com,9725923904,Mumbai,Maharashtra,Mouse,Electronics,5,1499,0,UPI,Cancelled,03-04-2025
ORD1214,22-01-2025,Neha,neha23@gmail.com,9763321213,Lucknow,UP,Shoes,Fashion,5 ,NULL,N/A,NetBanking,Pending,01-02-2025
ORD1215,11-04-2025,Vikas,vikas57@gmail.com,9116763158,Jaipur,Rajasthan,Mouse,Electronics,5,9999,N/A,Wallet,Returned,18-04-2025
ORD1216,2025/04/11,vikas  ,vikas16@gmail.com,9274302465,Bengaluru ,Karnataka,Chair,Furniture,N/A,1499, ,Card,Returned,18-04-2025
ORD1217,25-04-2025,Neha,neha6gmail.com,9913448662,Bengaluru,Karnataka,Laptop,Electronics,5,9999,10,Card,Returned,28-04-2025
ORD1218,21-05-2025,Amit,amit29@gmail.com,9171906382,Lucknow,UP,Bottle,Home,2,1499,20,UPI,Returned,23-05-2025
 ,26-01-2025,Rahul,rahul38@gmail.com,9240228562,Mumbai,Maharashtra,Mouse,Electronics,5,499,10,UPI,Pending,28-01-2025
ORD1220,04-04-2025,Rohit,rohit96@gmail.com,N/A,Bengaluru,Karnataka,Watch,Fashion,1,9999,10,COD,Returned,08-04-2025
ORD1221,02-02-2025,Vikas,vikas94@gmail.com,9250810488,Lucknow,UP,Bottle,Home,5,999,15,NetBanking,Returned,08-02-2025
ORD1222,27-05-2025,Sneha,sneha39@gmail.com,9835766723,Lucknow,UP,Watch,Fashion,3,4999,15,Wallet,Returned,29-05-2025
ORD1223,01-05-2025,Vikas,vikas81@gmail.com,9706847038,Pune,Maharashtra,Watch,Fashion,5,4999,10,COD,Cancelled,10-05-2025
ORD1224,15-03-2025,Rahul,rahul61@gmail.com,9378954231,Mumbai,Maharashtra,Mouse,Electronics,2,4999,0,COD,Returned,20-03-2025
ORD1225,2025/06/15,Neha,neha22@gmail.com,9739669657,Lucknow,UP,Shoes,Fashion,N/A,999,20,Wallet,Pending,
ORD1226,16-01-2025,Rohit,rohit61@gmail.com,9334158867,Mumbai,Maharashtra,Watch,Fashion,5 ,499,20,UPI,Cancelled,19-01-2025
ORD1227,15-01-2025,Rohit,rohit73@gmail.com,9753446036,Lucknow,UP,Bottle,Home,2,499,10,NetBanking,Returned,22-01-2025
ORD1228,06-03-2025,Priya,priya72@gmail.com,9286654600,Bengaluru,Karnataka,Shoes,Fashion,2,499,15,Wallet,Pending,12-03-2025
ORD1229,06-06-2025,Rohit,rohit55@gmail.com,9202480572,Jaipur,Rajasthan,Bottle,Home,5 ,499,10,Wallet,Returned,10-06-2025
ORD1230,23-01-2025,Priya,priya62@gmail.com,9703144165,Delhi,Delhi,Shoes,Fashion,3,4999, ,NetBanking,Delivered,02-02-2025
ORD1231,07-05-2025,Neha,neha57@gmail.com,9311923454,Lucknow,UP,Bottle,Home,2,499,N/A,UPI,Delivered,10-05-2025
ORD1232,02-01-2025,Rohit,rohit3@gmail.com,9744822787,Pune,Maharashtra,Watch,Fashion,N/A,2599,10,Wallet,Delivered,12-01-2025
ORD1233,23-04-2025,Amit,amit78@gmail.com,9170597569,Delhi,Delhi,Bottle,Home,4,999,20,NetBanking,Pending,30-04-2025
ORD1234,2025/02/20,Rahul,rahul71@gmail.com,9252370625,Mumbai ,Maharashtra,Mouse,Electronics,4,2599,20,COD,Delivered,27-02-2025
ORD1235,10-06-2025,Rohit,rohit82@gmail.com,9786681008,Mumbai,Maharashtra,Laptop,Electronics,5 ,9999, ,Wallet,Returned,18-06-2025
ORD1236,30-03-2025,Sneha,sneha52@gmail.com,9467598211,Pune,Maharashtra,Shoes,Fashion,5,4999,20,UPI,Returned,08-04-2025
ORD1237,08-02-2025,Sneha,sneha64@gmail.com,9609840956,Delhi,Delhi,Mouse,Electronics,5 ,2599,10,NetBanking,Pending,12-02-2025
ORD1238,13-02-2025,Sneha,sneha20@gmail.com,9215923777,Jaipur,Rajasthan,Chair,Furniture,3,2599,20,Wallet,Returned,22-02-2025
ORD1239,02-02-2025,Amit,amit99@gmail.com,9298132383,Delhi,Delhi,Mouse,Electronics,4,4999,20,COD,Delivered,09-02-2025
ORD1240,32-13-2025,Rahul,rahul41@gmail.com,9473396808,Pune,Maharashtra,Laptop,Electronics,1,1999 ,10,Wallet,Pending,22-03-2025
ORD1241,13-04-2025,Rahul,rahul74@gmail.com,9266228954,Delhi,Delhi,Chair,Furniture,5,1499, ,COD,Cancelled,15-04-2025
ORD1242,18-06-2025,Priya,priya44@gmail.com,N/A,Bengaluru,Karnataka,Chair,Furniture,4,9999,20,NetBanking,Returned,22-06-2025
ORD1243,2025/01/20,neha  ,neha72@gmail.com,9384057702,Lucknow,UP,Chair,Furniture,5,999,0,Wallet,Cancelled,24-01-2025
ORD1244,19-01-2025,Amit,amit54@gmail.com,9855809712,Mumbai,Maharashtra,Shoes,Fashion,5 ,499,10,Card,Pending,23-01-2025
ORD1245,20-04-2025,Rahul,rahul89@gmail.com,9549999839,Delhi,Delhi,Chair,Furniture,5 ,1499,10,COD,Pending,29-04-2025
ORD1246,18-06-2025,Sneha,sneha96@gmail.com,9947789147,Mumbai,Maharashtra,Watch,Fashion,4,NULL, ,UPI,Returned,25-06-2025
ORD1247,28-06-2025,Amit,amit15@gmail.com,9343013197,Delhi,Delhi,Chair,Furniture,5 ,1999 ,5,Card,Delivered,01-07-2025
ORD1248,13-06-2025,Priya,priya58gmail.com,9202774742,Bengaluru,Karnataka,Mouse,Electronics,3,4999,20,Card,Pending,19-06-2025
ORD1249,17-04-2025,Vikas,vikas45@gmail.com,9491984023,Mumbai,Maharashtra,Mouse,Electronics,5 ,499, ,COD,Cancelled,19-04-2025
ORD1250,18-03-2025,Rohit,rohit92@gmail.com,9859832681,Mumbai,Maharashtra,Bottle,Home,N/A,2599, ,Card,Delivered,
ORD1251,26-06-2025,Neha,neha24@gmail.com,9849220357,Mumbai,Maharashtra,Watch,Fashion,3,1999 ,20,Wallet,Cancelled,05-07-2025
ORD1252,2025/05/26,Neha,neha57@gmail.com,9774537571,Delhi ,Delhi,Laptop,Electronics,N/A,1499,15,UPI,Pending,01-06-2025
ORD1253,27-03-2025,Priya,priya3@gmail.com,9739892616,Pune,Maharashtra,Laptop,Electronics,5,1999 ,0,NetBanking,Cancelled,01-04-2025
ORD1254,01-01-2025,Priya,priya99@gmail.com,9422425247,Jaipur,Rajasthan,Laptop,Electronics,N/A,9999,20,UPI,Delivered,04-01-2025
ORD1255,27-05-2025,Rahul,rahul55@gmail.com,9369161142,Mumbai,Maharashtra,Bottle,Home,N/A,9999,0,Card,Cancelled,04-06-2025
ORD1256,02-01-2025,Rahul,rahul71@gmail.com,9808851312,Mumbai,Maharashtra,Laptop,Electronics,2,499,15,COD,Pending,07-01-2025
ORD1257,23-06-2025,Vikas,vikas26@gmail.com,9828811528,Mumbai,Maharashtra,Watch,Fashion,-1,9999,15,COD,Returned,25-06-2025
ORD1258,13-02-2025,Neha,neha55@gmail.com,9196604908,Lucknow,UP,Shoes,Fashion,2,4999,15,NetBanking,Delivered,21-02-2025
ORD1259,21-03-2025,Rahul,rahul55@gmail.com,9414758374,Delhi,Delhi,Mouse,Electronics,5 ,999,0,Wallet,Returned,23-03-2025
ORD1260,20-02-2025,Sneha,sneha41@gmail.com,9970915750,Delhi,Delhi,Bottle,Home,-1,1499, ,Wallet,Returned,26-02-2025
ORD1261,2025/03/21,Rahul,rahul40@gmail.com,9141105701,Bengaluru,Karnataka,Laptop,Electronics,-1,1499, ,COD,Pending,27-03-2025
ORD1262,29-06-2025,Sneha,sneha24@gmail.com,9282445351,Pune,Maharashtra,Bottle,Home,5 ,499,10,Card,Returned,07-07-2025
ORD1263,23-05-2025,Amit,amit89@gmail.com,9432372075,Mumbai,Maharashtra,Laptop,Electronics,3,1999 ,10,Wallet,Returned,31-05-2025
ORD1264,23-04-2025,Neha,neha77@gmail.com,N/A,Jaipur,Rajasthan,Shoes,Fashion,N/A,NULL, ,Wallet,Returned,27-04-2025
ORD1265,26-06-2025,Neha,neha42@gmail.com,9775830472,Lucknow,UP,Laptop,Electronics,N/A,1499,0,Card,Cancelled,06-07-2025
ORD1266,12-04-2025,Sneha,sneha10@gmail.com,9408316749,Mumbai,Maharashtra,Shoes,Fashion,3,499,15,COD,Delivered,16-04-2025
ORD1267,09-01-2025,Neha,neha54@gmail.com,9588418445,Mumbai,Maharashtra,Mouse,Electronics,4,499,10,Wallet,Cancelled,17-01-2025
ORD1268,12-02-2025,Neha,neha99@gmail.com,9434349945,Jaipur,Rajasthan,Watch,Fashion,3,9999,20,UPI,Pending,18-02-2025
ORD1269,07-03-2025,Sneha,sneha66@gmail.com,9218301286,Lucknow,UP,Mouse,Electronics,-1,999, ,COD,Pending,11-03-2025
ORD1270,2025/01/09,neha  ,neha14@gmail.com,9335548258,Pune ,Maharashtra,Watch,Fashion,N/A,499,20,NetBanking,Returned,15-01-2025
ORD1271,12-06-2025,Rohit,rohit72@gmail.com,9387139728,Pune,Maharashtra,Shoes,Fashion,5,2599,0,UPI,Returned,17-06-2025
ORD1272,16-04-2025,Sneha,sneha56@gmail.com,9233370133,Delhi,Delhi,Shoes,Fashion,N/A,9999,15,NetBanking,Delivered,24-04-2025
ORD1273,19-05-2025,Vikas,vikas29@gmail.com,9933581073,Bengaluru,Karnataka,Bottle,Home,5 ,999,15,NetBanking,Pending,28-05-2025
ORD1274,01-05-2025,Sneha,sneha21@gmail.com,9260884331,Pune,Maharashtra,Bottle,Home,N/A,1499,10,UPI,Returned,07-05-2025
ORD1275,15-03-2025,Priya,priya71@gmail.com,9884785474,Pune,Maharashtra,Shoes,Fashion,1,1999 ,0,COD,Returned,
ORD1276,22-01-2025,Rahul,rahul20@gmail.com,9738093025,Mumbai,Maharashtra,Shoes,Fashion,1,1999 ,5,Wallet,Cancelled,28-01-2025
ORD1277,21-03-2025,Sneha,sneha4@gmail.com,9514685895,Bengaluru,Karnataka,Chair,Furniture,2,2599,15,COD,Returned,29-03-2025
ORD1278,31-05-2025,Amit,amit21@gmail.com,9142819354,Pune,Maharashtra,Watch,Fashion,2,4999,0,UPI,Delivered,04-06-2025
ORD1279,2025/03/28,Sneha,sneha86gmail.com,9120188822,Pune,Maharashtra,Chair,Furniture,4,NULL,20,Wallet,Cancelled,06-04-2025
ORD1280,32-13-2025,Rahul,rahul74@gmail.com,9352557106,Pune,Maharashtra,Laptop,Electronics,4,1999 ,10,Card,Delivered,27-04-2025
ORD1281,19-01-2025,Amit,amit29@gmail.com,9979454031,Jaipur,Rajasthan,Mouse,Electronics,-1,1999 ,20,COD,Delivered,22-01-2025
ORD1282,13-03-2025,Amit,amit69@gmail.com,9644434191,Bengaluru,Karnataka,Mouse,Electronics,-1,499,20,NetBanking,Returned,16-03-2025
ORD1283,26-04-2025,Vikas,vikas32@gmail.com,9297674020,Jaipur,Rajasthan,Laptop,Electronics,5,1499,20,COD,Returned,06-05-2025
ORD1284,24-05-2025,Rohit,rohit53@gmail.com,9226514142,Pune,Maharashtra,Chair,Furniture,N/A,4999,5,UPI,Cancelled,31-05-2025
ORD1285,13-05-2025,Rahul,rahul62@gmail.com,9780966201,Lucknow,UP,Watch,Fashion,1,1999 ,0,UPI,Cancelled,18-05-2025
ORD1286,03-04-2025,Sneha,sneha18@gmail.com,N/A,Mumbai,Maharashtra,Shoes,Fashion,5 ,999,0,Card,Delivered,06-04-2025
ORD1287,12-03-2025,Rohit,rohit24@gmail.com,9535823358,Mumbai,Maharashtra,Bottle,Home,N/A,NULL,15,Card,Returned,18-03-2025
ORD1288,2025/03/25,Priya,priya37@gmail.com,9149442884,Bengaluru ,Karnataka,Laptop,Electronics,1,4999, ,Wallet,Cancelled,03-04-2025
ORD1289,31-03-2025,Vikas,vikas42@gmail.com,9651366276,Jaipur,Rajasthan,Watch,Fashion,5,999,N/A,COD,Delivered,03-04-2025
ORD1290,06-03-2025,Priya,priya70@gmail.com,9708434568,Bengaluru,Karnataka,Laptop,Electronics,-1,9999,15,Card,Delivered,08-03-2025
ORD1291,26-03-2025,Amit,amit94@gmail.com,9934522676,Delhi,Delhi,Bottle,Home,2,999, ,Card,Pending,29-03-2025
 ,24-06-2025,Rahul,rahul60@gmail.com,9250231514,Pune,Maharashtra,Laptop,Electronics,2,1499, ,COD,Pending,27-06-2025
ORD1293,14-03-2025,Rahul,rahul10@gmail.com,9168263225,Bengaluru,Karnataka,Laptop,Electronics,3,NULL, ,UPI,Returned,23-03-2025
ORD1294,01-06-2025,Amit,amit42@gmail.com,9338825871,Pune,Maharashtra,Shoes,Fashion,N/A,NULL,20,Wallet,Returned,07-06-2025
ORD1295,24-06-2025,Priya,priya27@gmail.com,9733464584,Lucknow,UP,Watch,Fashion,-1,4999,5,NetBanking,Cancelled,04-07-2025
ORD1296,25-06-2025,Sneha,sneha88@gmail.com,9807038611,Pune,Maharashtra,Laptop,Electronics,5 ,NULL,0,Wallet,Pending,27-06-2025
ORD1297,2025/06/18,sneha  ,sneha36@gmail.com,9321478481,Bengaluru,Karnataka,Shoes,Fashion,3,9999,15,Wallet,Pending,21-06-2025
ORD1298,03-02-2025,Amit,amit54@gmail.com,9454902491,Pune,Maharashtra,Watch,Fashion,-1,1999 , ,Wallet,Pending,09-02-2025
ORD1299,12-05-2025,Rohit,rohit84@gmail.com,9519363731,Mumbai,Maharashtra,Shoes,Fashion,5 ,1999 ,0,UPI,Returned,18-05-2025
ORD1300,25-02-2025,Amit,amit19@gmail.com,9222483704,Jaipur,Rajasthan,Bottle,Home,1,499,5,NetBanking,Delivered,
ORD1301,10-04-2025,Vikas,vikas52@gmail.com,9555571399,Jaipur,Rajasthan,Shoes,Fashion,N/A,1499,10,Card,Delivered,20-04-2025
ORD1302,20-05-2025,Amit,amit79@gmail.com,9239911474,Bengaluru,Karnataka,Watch,Fashion,2,4999,N/A,COD,Returned,30-05-2025
ORD1303,20-06-2025,Rahul,rahul6@gmail.com,9432269451,Jaipur,Rajasthan,Shoes,Fashion,3,NULL,15,Wallet,Delivered,25-06-2025
ORD1304,17-02-2025,Priya,priya53@gmail.com,9555193174,Pune,Maharashtra,Bottle,Home,-1,1999 ,N/A,UPI,Pending,25-02-2025
ORD1305,09-02-2025,Vikas,vikas86@gmail.com,9523265367,Bengaluru,Karnataka,Chair,Furniture,4,1999 ,N/A,COD,Delivered,12-02-2025
ORD1306,2025/01/05,Sneha,sneha87@gmail.com,9217558569,Mumbai ,Maharashtra,Mouse,Electronics,1,999,N/A,Wallet,Delivered,12-01-2025
ORD1307,19-02-2025,Amit,amit22@gmail.com,9261952088,Bengaluru,Karnataka,Laptop,Electronics,5,9999,N/A,NetBanking,Delivered,26-02-2025
ORD1308,09-02-2025,Rahul,rahul41@gmail.com,N/A,Delhi,Delhi,Chair,Furniture,2,1499,5,COD,Pending,12-02-2025
ORD1309,08-04-2025,Sneha,sneha88@gmail.com,9392114679,Jaipur,Rajasthan,Shoes,Fashion,2,1999 ,20,COD,Cancelled,18-04-2025
ORD1310,10-03-2025,Amit,amit7gmail.com,9303283049,Lucknow,UP,Bottle,Home,5 ,2599,10,Card,Cancelled,13-03-2025
ORD1311,23-06-2025,Sneha,sneha18@gmail.com,9199150123,Jaipur,Rajasthan,Bottle,Home,4,1999 ,15,Wallet,Pending,02-07-2025
ORD1312,03-02-2025,Amit,amit19@gmail.com,9113360501,Pune,Maharashtra,Laptop,Electronics,5 ,9999,5,COD,Cancelled,08-02-2025
ORD1313,12-03-2025,Vikas,vikas2@gmail.com,9296775424,Lucknow,UP,Bottle,Home,2,499,10,Wallet,Returned,18-03-2025
ORD1314,14-01-2025,Vikas,vikas8@gmail.com,9612657813,Pune,Maharashtra,Chair,Furniture,5 ,4999,5,COD,Delivered,17-01-2025
ORD1315,2025/06/04,Rohit,rohit38@gmail.com,9122667888,Lucknow,UP,Laptop,Electronics,4,499, ,NetBanking,Delivered,11-06-2025
ORD1316,14-02-2025,Amit,amit95@gmail.com,9399340561,Jaipur,Rajasthan,Bottle,Home,3,NULL,15,UPI,Delivered,22-02-2025
ORD1317,11-02-2025,Sneha,sneha63@gmail.com,9849913603,Jaipur,Rajasthan,Shoes,Fashion,4,NULL, ,NetBanking,Delivered,20-02-2025
ORD1318,21-02-2025,Rahul,rahul73@gmail.com,9771789560,Bengaluru,Karnataka,Bottle,Home,2,499,10,NetBanking,Cancelled,25-02-2025
ORD1319,10-06-2025,Rahul,rahul7@gmail.com,9894093725,Mumbai,Maharashtra,Mouse,Electronics,5,NULL,0,COD,Cancelled,12-06-2025
ORD1320,32-13-2025,Rahul,rahul4@gmail.com,9574814751,Pune,Maharashtra,Laptop,Electronics,1,4999,10,NetBanking,Cancelled,20-06-2025
ORD1321,18-06-2025,Vikas,vikas53@gmail.com,9910821614,Mumbai,Maharashtra,Bottle,Home,3,999,20,NetBanking,Returned,22-06-2025
ORD1322,16-04-2025,Vikas,vikas30@gmail.com,9997851784,Pune,Maharashtra,Mouse,Electronics,5,4999,5,Card,Returned,21-04-2025
ORD1323,04-01-2025,Priya,priya11@gmail.com,9838548948,Jaipur,Rajasthan,Shoes,Fashion,2,9999,5,COD,Pending,11-01-2025
ORD1324,2025/05/31,rohit  ,rohit58@gmail.com,9113037103,Pune ,Maharashtra,Laptop,Electronics,5 ,4999,10,NetBanking,Pending,05-06-2025
ORD1325,29-05-2025,Amit,amit47@gmail.com,9397896952,Pune,Maharashtra,Mouse,Electronics,2,2599,0,Card,Pending,
ORD1326,14-04-2025,Priya,priya36@gmail.com,9982539227,Bengaluru,Karnataka,Laptop,Electronics,N/A,2599,N/A,UPI,Returned,17-04-2025
ORD1327,23-06-2025,Amit,amit42@gmail.com,9292419662,Delhi,Delhi,Laptop,Electronics,2,1999 ,10,Wallet,Pending,01-07-2025
ORD1328,15-05-2025,Amit,amit64@gmail.com,9310217232,Mumbai,Maharashtra,Chair,Furniture,3,1999 ,N/A,NetBanking,Returned,21-05-2025
ORD1329,09-05-2025,Rahul,rahul90@gmail.com,9706293416,Delhi,Delhi,Bottle,Home,5,4999,20,NetBanking,Returned,17-05-2025
ORD1330,06-06-2025,Vikas,vikas41@gmail.com,N/A,Lucknow,UP,Mouse,Electronics,3,9999,0,UPI,Pending,10-06-2025
ORD1331,23-06-2025,Sneha,sneha20@gmail.com,9561744309,Pune,Maharashtra,Mouse,Electronics,5 ,4999, ,COD,Delivered,27-06-2025
ORD1332,20-02-2025,Rohit,rohit35@gmail.com,9532206110,Bengaluru,Karnataka,Shoes,Fashion,3,NULL,10,NetBanking,Cancelled,23-02-2025
ORD1333,2025/05/02,Sneha,sneha67@gmail.com,9324547716,Bengaluru,Karnataka,Laptop,Electronics,4,4999,15,Wallet,Delivered,11-05-2025
ORD1334,27-02-2025,Rahul,rahul98@gmail.com,9151907626,Pune,Maharashtra,Bottle,Home,3,1999 ,0,Card,Returned,08-03-2025
ORD1335,08-04-2025,Rohit,rohit34@gmail.com,9113457890,Lucknow,UP,Chair,Furniture,3,2599,0,Card,Pending,17-04-2025
ORD1336,03-01-2025,Amit,amit37@gmail.com,9206017601,Lucknow,UP,Chair,Furniture,N/A,9999,15,COD,Pending,12-01-2025
ORD1337,04-02-2025,Rahul,rahul58@gmail.com,9753076727,Jaipur,Rajasthan,Laptop,Electronics,4,999, ,NetBanking,Cancelled,13-02-2025
ORD1338,13-06-2025,Neha,neha99@gmail.com,9429636320,Lucknow,UP,Laptop,Electronics,5,4999, ,Wallet,Pending,16-06-2025
ORD1339,23-02-2025,Rahul,rahul24@gmail.com,9301753805,Lucknow,UP,Watch,Fashion,3,499,0,COD,Delivered,27-02-2025
ORD1340,27-03-2025,Rohit,rohit84@gmail.com,9258772494,Mumbai,Maharashtra,Shoes,Fashion,4,1499,N/A,Card,Delivered,06-04-2025
ORD1341,05-05-2025,Rahul,rahul93gmail.com,9182121049,Jaipur,Rajasthan,Laptop,Electronics,1,4999,15,Card,Pending,15-05-2025
ORD1342,2025/06/24,Rahul,rahul19@gmail.com,9869257406,Pune ,Maharashtra,Chair,Furniture,5 ,NULL,10,Wallet,Delivered,27-06-2025
ORD1343,23-02-2025,Rahul,rahul12@gmail.com,9783047502,Jaipur,Rajasthan,Laptop,Electronics,4,2599,0,NetBanking,Returned,27-02-2025
ORD1344,07-04-2025,Rahul,rahul9@gmail.com,9970222154,Mumbai,Maharashtra,Mouse,Electronics,N/A,499,20,Wallet,Pending,14-04-2025
ORD1345,05-06-2025,Sneha,sneha27@gmail.com,9536056189,Delhi,Delhi,Mouse,Electronics,1,499,20,NetBanking,Returned,15-06-2025
ORD1346,07-05-2025,Vikas,vikas51@gmail.com,9654467591,Lucknow,UP,Chair,Furniture,2,9999,N/A,UPI,Pending,14-05-2025
ORD1347,29-03-2025,Sneha,sneha3@gmail.com,9348019295,Mumbai,Maharashtra,Shoes,Fashion,1,499, ,UPI,Pending,31-03-2025
ORD1348,07-05-2025,Rahul,rahul68@gmail.com,9857040338,Mumbai,Maharashtra,Mouse,Electronics,2,499,5,COD,Delivered,09-05-2025
ORD1349,21-03-2025,Amit,amit68@gmail.com,9794705508,Pune,Maharashtra,Bottle,Home,5 ,999,20,UPI,Delivered,23-03-2025
ORD1350,10-04-2025,Rohit,rohit72@gmail.com,9665886128,Bengaluru,Karnataka,Laptop,Electronics,5 ,9999,5,Card,Returned,
ORD1351,2025/06/26,priya  ,priya80@gmail.com,9924669279,Jaipur,Rajasthan,Shoes,Fashion,5 ,1999 ,5,Wallet,Returned,29-06-2025
ORD1352,23-04-2025,Vikas,vikas87@gmail.com,N/A,Delhi,Delhi,Chair,Furniture,3,4999,0,UPI,Delivered,26-04-2025
ORD1353,07-02-2025,Sneha,sneha65@gmail.com,9559368648,Bengaluru,Karnataka,Watch,Fashion,-1,2599,10,NetBanking,Pending,12-02-2025
ORD1354,03-04-2025,Rahul,rahul12@gmail.com,9783505215,Mumbai,Maharashtra,Mouse,Electronics,1,499, ,Wallet,Returned,07-04-2025
ORD1355,10-03-2025,Sneha,sneha18@gmail.com,9117422351,Mumbai,Maharashtra,Watch,Fashion,4,999,15,Wallet,Pending,20-03-2025
ORD1356,03-06-2025,Vikas,vikas64@gmail.com,9191378164,Bengaluru,Karnataka,Laptop,Electronics,4,2599, ,NetBanking,Returned,13-06-2025
ORD1357,06-04-2025,Neha,neha91@gmail.com,9732569957,Bengaluru,Karnataka,Mouse,Electronics,5,2599,10,COD,Delivered,13-04-2025
ORD1358,15-01-2025,Vikas,vikas80@gmail.com,9139900666,Pune,Maharashtra,Bottle,Home,4,9999, ,UPI,Delivered,24-01-2025
ORD1359,03-06-2025,Priya,priya71@gmail.com,9848437643,Bengaluru,Karnataka,Shoes,Fashion,5 ,1499,20,Wallet,Cancelled,09-06-2025
ORD1360,32-13-2025,Vikas,vikas94@gmail.com,9394841989,Lucknow ,UP,Bottle,Home,1,1999 , ,COD,Pending,24-02-2025
ORD1361,30-01-2025,Amit,amit73@gmail.com,9645486322,Lucknow,UP,Mouse,Electronics,3,1999 , ,NetBanking,Pending,09-02-2025
ORD1362,13-05-2025,Priya,priya84@gmail.com,9419451949,Pune,Maharashtra,Bottle,Home,3,9999,20,UPI,Delivered,23-05-2025
ORD1363,21-04-2025,Neha,neha67@gmail.com,9282801738,Lucknow,UP,Shoes,Fashion,N/A,1999 ,N/A,NetBanking,Delivered,27-04-2025
ORD1364,12-05-2025,Rahul,rahul80@gmail.com,9356805063,Bengaluru,Karnataka,Mouse,Electronics,5 ,499,15,COD,Cancelled,19-05-2025
 ,23-06-2025,Sneha,sneha38@gmail.com,9546087489,Pune,Maharashtra,Shoes,Fashion,5,9999, ,Wallet,Returned,28-06-2025
ORD1366,18-01-2025,Rohit,rohit54@gmail.com,9180294906,Mumbai,Maharashtra,Watch,Fashion,N/A,1999 ,10,UPI,Cancelled,21-01-2025
ORD1367,04-04-2025,Amit,amit5@gmail.com,9360955921,Lucknow,UP,Bottle,Home,-1,999,10,COD,Pending,09-04-2025
ORD1368,20-06-2025,Neha,neha37@gmail.com,9846729797,Lucknow,UP,Bottle,Home,-1,1999 ,N/A,Wallet,Returned,25-06-2025
ORD1369,2025/06/14,Sneha,sneha15@gmail.com,9836165631,Pune,Maharashtra,Shoes,Fashion,5 ,1499, ,Card,Returned,24-06-2025
ORD1370,17-05-2025,Rahul,rahul24@gmail.com,9244713912,Bengaluru,Karnataka,Bottle,Home,5 ,4999,15,Wallet,Pending,22-05-2025
ORD1371,04-01-2025,Sneha,sneha55@gmail.com,9125679072,Jaipur,Rajasthan,Chair,Furniture,2,1999 ,0,Wallet,Delivered,14-01-2025
ORD1372,04-02-2025,Rahul,rahul15gmail.com,9509340822,Delhi,Delhi,Shoes,Fashion,1,499, ,NetBanking,Returned,06-02-2025
ORD1373,12-05-2025,Neha,neha77@gmail.com,9898877941,Pune,Maharashtra,Bottle,Home,4,4999, ,Wallet,Returned,16-05-2025
ORD1374,09-04-2025,Sneha,sneha22@gmail.com,N/A,Pune,Maharashtra,Shoes,Fashion,N/A,9999,10,UPI,Delivered,14-04-2025
ORD1375,04-04-2025,Rahul,rahul19@gmail.com,9691259107,Mumbai,Maharashtra,Bottle,Home,1,2599,0,UPI,Delivered,
ORD1376,01-06-2025,Sneha,sneha34@gmail.com,9409847018,Lucknow,UP,Mouse,Electronics,4,999,N/A,COD,Delivered,11-06-2025
ORD1377,18-03-2025,Sneha,sneha95@gmail.com,9420527618,Pune,Maharashtra,Mouse,Electronics,-1,1499,15,Card,Pending,28-03-2025
ORD1378,2025/06/22,vikas  ,vikas70@gmail.com,9986148293,Mumbai ,Maharashtra,Shoes,Fashion,4,1499,15,COD,Cancelled,24-06-2025
ORD1379,19-01-2025,Amit,amit6@gmail.com,9793867955,Bengaluru,Karnataka,Watch,Fashion,5,NULL,5,NetBanking,Pending,25-01-2025
ORD1380,23-02-2025,Rahul,rahul45@gmail.com,9536788264,Mumbai,Maharashtra,Laptop,Electronics,4,9999,N/A,NetBanking,Returned,03-03-2025
ORD1381,06-02-2025,Neha,neha93@gmail.com,9427460011,Bengaluru,Karnataka,Shoes,Fashion,5 ,2599,20,Card,Pending,10-02-2025
ORD1382,25-01-2025,Rahul,rahul41@gmail.com,9829324614,Mumbai,Maharashtra,Chair,Furniture,1,1499,20,Wallet,Pending,04-02-2025
ORD1383,31-01-2025,Sneha,sneha4@gmail.com,9544514226,Pune,Maharashtra,Shoes,Fashion,2,NULL,20,NetBanking,Cancelled,06-02-2025
ORD1384,04-06-2025,Vikas,vikas93@gmail.com,9844862358,Mumbai,Maharashtra,Bottle,Home,-1,999,15,Card,Delivered,08-06-2025
ORD1385,25-01-2025,Sneha,sneha67@gmail.com,9237413851,Pune,Maharashtra,Watch,Fashion,3,2599,10,UPI,Returned,28-01-2025
ORD1386,02-03-2025,Amit,amit9@gmail.com,9363174202,Lucknow,UP,Shoes,Fashion,-1,2599,15,UPI,Cancelled,07-03-2025
ORD1387,2025/01/23,Sneha,sneha95@gmail.com,9193279554,Mumbai,Maharashtra,Watch,Fashion,4,9999,15,UPI,Delivered,30-01-2025
ORD1388,14-05-2025,Rahul,rahul15@gmail.com,9666479823,Mumbai,Maharashtra,Shoes,Fashion,N/A,1499,15,Card,Returned,18-05-2025
ORD1389,08-04-2025,Vikas,vikas47@gmail.com,9142891755,Lucknow,UP,Shoes,Fashion,-1,4999,5,COD,Returned,15-04-2025
ORD1390,02-03-2025,Sneha,sneha78@gmail.com,9322453651,Delhi,Delhi,Laptop,Electronics,3,NULL,15,NetBanking,Delivered,11-03-2025
ORD1391,20-05-2025,Neha,neha45@gmail.com,9753301285,Bengaluru,Karnataka,Bottle,Home,5,999,20,Card,Returned,30-05-2025
ORD1392,20-06-2025,Vikas,vikas1@gmail.com,9619221858,Bengaluru,Karnataka,Chair,Furniture,1,9999,0,COD,Cancelled,27-06-2025
ORD1393,07-01-2025,Amit,amit34@gmail.com,9886422749,Jaipur,Rajasthan,Watch,Fashion,N/A,NULL, ,NetBanking,Pending,09-01-2025
ORD1394,29-05-2025,Rohit,rohit95@gmail.com,9121735342,Lucknow,UP,Mouse,Electronics,-1,NULL, ,COD,Delivered,02-06-2025
ORD1395,29-06-2025,Neha,neha45@gmail.com,9291811387,Lucknow,UP,Chair,Furniture,1,499,5,COD,Pending,07-07-2025
ORD1396,2025/03/09,Sneha,sneha28@gmail.com,N/A,Jaipur ,Rajasthan,Chair,Furniture,-1,1499,0,COD,Returned,17-03-2025
ORD1397,14-04-2025,Neha,neha78@gmail.com,9357537586,Delhi,Delhi,Mouse,Electronics,2,NULL,20,Wallet,Cancelled,16-04-2025
ORD1398,02-03-2025,Neha,neha25@gmail.com,9218737753,Bengaluru,Karnataka,Laptop,Electronics,3,1999 ,0,NetBanking,Cancelled,08-03-2025
ORD1399,06-01-2025,Neha,neha99@gmail.com,9936830524,Pune,Maharashtra,Chair,Furniture,3,1499,10,UPI,Returned,16-01-2025
ORD1400,32-13-2025,Rahul,rahul47@gmail.com,9349245979,Lucknow,UP,Bottle,Home,4,1999 ,20,Card,Returned,
ORD1401,17-06-2025,Rohit,rohit47@gmail.com,9281394007,Delhi,Delhi,Laptop,Electronics,4,1999 ,15,COD,Returned,19-06-2025
ORD1402,15-06-2025,Rohit,rohit82@gmail.com,9529644273,Jaipur,Rajasthan,Laptop,Electronics,1,1499, ,COD,Returned,18-06-2025
ORD1403,15-04-2025,Rohit,rohit30gmail.com,9450277671,Jaipur,Rajasthan,Chair,Furniture,4,1499,15,COD,Cancelled,17-04-2025
ORD1404,11-04-2025,Sneha,sneha22@gmail.com,9434292317,Mumbai,Maharashtra,Laptop,Electronics,4,1499,5,Wallet,Cancelled,20-04-2025
ORD1405,2025/04/07,amit  ,amit80@gmail.com,9897156362,Mumbai,Maharashtra,Watch,Fashion,1,1499,N/A,Wallet,Returned,13-04-2025
ORD1406,24-01-2025,Neha,neha53@gmail.com,9256072372,Bengaluru,Karnataka,Watch,Fashion,5 ,4999,10,UPI,Delivered,26-01-2025
ORD1407,17-01-2025,Rahul,rahul1@gmail.com,9762627881,Bengaluru,Karnataka,Chair,Furniture,5 ,1999 ,20,Card,Cancelled,22-01-2025
ORD1408,13-02-2025,Neha,neha66@gmail.com,9629553838,Jaipur,Rajasthan,Mouse,Electronics,5,2599,20,Wallet,Returned,21-02-2025
ORD1409,06-02-2025,Priya,priya1@gmail.com,9526867921,Delhi,Delhi,Watch,Fashion,4,9999,5,Wallet,Returned,08-02-2025
ORD1410,10-03-2025,Rahul,rahul37@gmail.com,9300174389,Bengaluru,Karnataka,Chair,Furniture,N/A,1499,0,Wallet,Returned,12-03-2025
ORD1411,13-01-2025,Sneha,sneha95@gmail.com,9918096448,Mumbai,Maharashtra,Laptop,Electronics,1,1999 ,15,COD,Pending,16-01-2025
ORD1412,24-04-2025,Vikas,vikas28@gmail.com,9954928448,Mumbai,Maharashtra,Watch,Fashion,5,1999 ,5,COD,Pending,03-05-2025
ORD1413,24-01-2025,Sneha,sneha36@gmail.com,9979933333,Pune,Maharashtra,Laptop,Electronics,5 ,NULL, ,COD,Cancelled,28-01-2025
ORD1414,2025/05/05,Rohit,rohit22@gmail.com,9342595670,Lucknow ,UP,Shoes,Fashion,3,NULL,N/A,Wallet,Pending,11-05-2025
ORD1415,22-05-2025,Vikas,vikas88@gmail.com,9567074339,Jaipur,Rajasthan,Mouse,Electronics,-1,1499,N/A,Card,Pending,27-05-2025
ORD1416,14-03-2025,Rahul,rahul73@gmail.com,9442177066,Jaipur,Rajasthan,Watch,Fashion,4,NULL,20,COD,Delivered,20-03-2025
ORD1417,04-01-2025,Rohit,rohit91@gmail.com,9485740696,Delhi,Delhi,Mouse,Electronics,4,4999,N/A,UPI,Pending,13-01-2025
ORD1418,05-04-2025,Sneha,sneha54@gmail.com,N/A,Jaipur,Rajasthan,Chair,Furniture,4,4999,N/A,NetBanking,Returned,13-04-2025
ORD1419,23-06-2025,Rohit,rohit64@gmail.com,9562675135,Jaipur,Rajasthan,Chair,Furniture,3,1499,0,Wallet,Delivered,01-07-2025
ORD1420,14-04-2025,Priya,priya90@gmail.com,9279538962,Bengaluru,Karnataka,Watch,Fashion,4,NULL,15,NetBanking,Pending,17-04-2025
ORD1421,14-03-2025,Vikas,vikas31@gmail.com,9183431745,Mumbai,Maharashtra,Watch,Fashion,4,999,10,NetBanking,Pending,21-03-2025
ORD1422,09-05-2025,Amit,amit95@gmail.com,9157480200,Delhi,Delhi,Watch,Fashion,5 ,4999,5,NetBanking,Cancelled,15-05-2025
ORD1423,2025/05/11,Neha,neha44@gmail.com,9368932409,Pune,Maharashtra,Laptop,Electronics,N/A,2599,N/A,COD,Cancelled,17-05-2025
ORD1424,29-03-2025,Priya,priya48@gmail.com,9166100655,Bengaluru,Karnataka,Laptop,Electronics,2,9999,20,NetBanking,Cancelled,04-04-2025
ORD1425,11-02-2025,Priya,priya36@gmail.com,9830537173,Delhi,Delhi,Chair,Furniture,-1,4999,20,Wallet,Pending,
ORD1426,19-06-2025,Priya,priya86@gmail.com,9338976081,Pune,Maharashtra,Laptop,Electronics,5,1499,10,COD,Delivered,26-06-2025
ORD1427,14-02-2025,Sneha,sneha25@gmail.com,9764093062,Jaipur,Rajasthan,Watch,Fashion,5,9999, ,NetBanking,Pending,22-02-2025
ORD1428,02-04-2025,Priya,priya27@gmail.com,9575383484,Jaipur,Rajasthan,Bottle,Home,5 ,499,5,Card,Cancelled,08-04-2025
ORD1429,17-01-2025,Sneha,sneha22@gmail.com,9394853096,Lucknow,UP,Laptop,Electronics,N/A,9999,5,COD,Cancelled,24-01-2025
ORD1430,13-02-2025,Sneha,sneha17@gmail.com,9770563699,Lucknow,UP,Watch,Fashion,5,1499,20,Wallet,Cancelled,16-02-2025
ORD1431,05-02-2025,Priya,priya43@gmail.com,9340031993,Bengaluru,Karnataka,Shoes,Fashion,2,999,5,COD,Cancelled,15-02-2025
ORD1432,2025/03/12,priya  ,priya19@gmail.com,9337719495,Mumbai ,Maharashtra,Watch,Fashion,-1,2599,15,COD,Delivered,18-03-2025
ORD1433,16-04-2025,Sneha,sneha19@gmail.com,9818263600,Jaipur,Rajasthan,Shoes,Fashion,5,499,15,UPI,Cancelled,20-04-2025
ORD1434,12-01-2025,Vikas,vikas94gmail.com,9723823343,Jaipur,Rajasthan,Chair,Furniture,5,1999 ,N/A,Wallet,Cancelled,20-01-2025
ORD1435,05-03-2025,Rohit,rohit67@gmail.com,9653409026,Lucknow,UP,Laptop,Electronics,5,4999,20,NetBanking,Cancelled,08-03-2025
ORD1436,22-06-2025,Amit,amit73@gmail.com,9568733492,Lucknow,UP,Watch,Fashion,5 ,999,15,UPI,Cancelled,01-07-2025
ORD1437,01-06-2025,Vikas,vikas1@gmail.com,9541696034,Bengaluru,Karnataka,Bottle,Home,4,2599, ,NetBanking,Cancelled,09-06-2025
 ,14-01-2025,Priya,priya40@gmail.com,9861729728,Delhi,Delhi,Bottle,Home,2,499,0,COD,Cancelled,19-01-2025
ORD1439,22-05-2025,Rahul,rahul34@gmail.com,9519365466,Lucknow,UP,Mouse,Electronics,5,1499,N/A,NetBanking,Delivered,29-05-2025
ORD1440,32-13-2025,Rohit,rohit72@gmail.com,N/A,Pune,Maharashtra,Watch,Fashion,2,4999,15,NetBanking,Pending,12-02-2025
ORD1441,2025/05/10,Vikas,vikas54@gmail.com,9483730187,Delhi,Delhi,Mouse,Electronics,-1,NULL,5,COD,Returned,13-05-2025
ORD1442,15-01-2025,Sneha,sneha75@gmail.com,9866056523,Mumbai,Maharashtra,Watch,Fashion,4,999,15,UPI,Cancelled,22-01-2025
ORD1443,14-02-2025,Sneha,sneha36@gmail.com,9605647471,Lucknow,UP,Watch,Fashion,1,1499,0,Card,Pending,16-02-2025
ORD1444,02-04-2025,Priya,priya86@gmail.com,9417981729,Delhi,Delhi,Bottle,Home,4,9999,20,NetBanking,Pending,08-04-2025
ORD1445,04-05-2025,Vikas,vikas38@gmail.com,9704800143,Pune,Maharashtra,Mouse,Electronics,3,499,5,COD,Delivered,12-05-2025
ORD1446,07-01-2025,Rahul,rahul36@gmail.com,9844906787,Mumbai,Maharashtra,Shoes,Fashion,3,1499,15,UPI,Cancelled,14-01-2025
ORD1447,15-01-2025,Neha,neha80@gmail.com,9541786434,Lucknow,UP,Mouse,Electronics,N/A,1499,10,NetBanking,Cancelled,20-01-2025
ORD1448,17-06-2025,Neha,neha6@gmail.com,9891169337,Pune,Maharashtra,Mouse,Electronics,1,4999,N/A,NetBanking,Cancelled,19-06-2025
ORD1449,19-05-2025,Priya,priya54@gmail.com,9920350446,Bengaluru,Karnataka,Bottle,Home,4,1999 ,20,UPI,Cancelled,22-05-2025
ORD1450,2025/04/13,Sneha,sneha82@gmail.com,9992015680,Pune ,Maharashtra,Mouse,Electronics,-1,499,5,Card,Cancelled,
ORD1451,14-05-2025,Rohit,rohit33@gmail.com,9106492183,Lucknow,UP,Watch,Fashion,-1,1499,10,NetBanking,Pending,24-05-2025
ORD1452,23-05-2025,Rahul,rahul40@gmail.com,9125077784,Delhi,Delhi,Laptop,Electronics,5 ,999,10,Wallet,Cancelled,02-06-2025
ORD1453,19-04-2025,Amit,amit65@gmail.com,9383907366,Pune,Maharashtra,Bottle,Home,-1,2599,10,UPI,Delivered,23-04-2025
ORD1454,10-02-2025,Neha,neha53@gmail.com,9124493553,Pune,Maharashtra,Watch,Fashion,2,1999 ,15,COD,Delivered,17-02-2025
ORD1455,23-01-2025,Rahul,rahul97@gmail.com,9669206149,Delhi,Delhi,Shoes,Fashion,4,1499,20,Card,Pending,26-01-2025
ORD1456,01-05-2025,Rohit,rohit69@gmail.com,9619254906,Pune,Maharashtra,Watch,Fashion,-1,499,15,Wallet,Delivered,06-05-2025
ORD1457,11-01-2025,Sneha,sneha97@gmail.com,9523945550,Jaipur,Rajasthan,Bottle,Home,5,1999 ,0,Wallet,Delivered,13-01-2025
ORD1458,11-06-2025,Rohit,rohit80@gmail.com,9951760868,Mumbai,Maharashtra,Chair,Furniture,1,2599,20,NetBanking,Delivered,17-06-2025
ORD1459,2025/03/27,neha  ,neha13@gmail.com,9866332686,Bengaluru,Karnataka,Bottle,Home,3,NULL,15,UPI,Returned,05-04-2025
ORD1460,01-02-2025,Vikas,vikas8@gmail.com,9178563209,Bengaluru,Karnataka,Mouse,Electronics,2,4999,15,UPI,Delivered,06-02-2025
ORD1461,01-04-2025,Rahul,rahul23@gmail.com,9433791076,Jaipur,Rajasthan,Shoes,Fashion,2,1499,20,UPI,Returned,08-04-2025
ORD1462,25-03-2025,Priya,priya45@gmail.com,N/A,Mumbai,Maharashtra,Shoes,Fashion,N/A,999,10,UPI,Delivered,03-04-2025
ORD1463,22-06-2025,Neha,neha54@gmail.com,9794486194,Lucknow,UP,Bottle,Home,4,4999,20,COD,Cancelled,27-06-2025
ORD1464,21-05-2025,Sneha,sneha53@gmail.com,9595254143,Jaipur,Rajasthan,Laptop,Electronics,5,1999 ,0,Card,Cancelled,24-05-2025
ORD1465,13-04-2025,Priya,priya27gmail.com,9263255819,Bengaluru,Karnataka,Mouse,Electronics,5,2599, ,Card,Returned,15-04-2025
ORD1466,10-01-2025,Neha,neha50@gmail.com,9326023461,Pune,Maharashtra,Laptop,Electronics,-1,2599,N/A,Wallet,Delivered,13-01-2025
ORD1467,18-04-2025,Rahul,rahul83@gmail.com,9526297908,Pune,Maharashtra,Bottle,Home,4,NULL,5,NetBanking,Pending,21-04-2025
ORD1468,2025/06/28,Sneha,sneha45@gmail.com,9482991861,Delhi ,Delhi,Shoes,Fashion,-1,4999,5,Wallet,Returned,03-07-2025
ORD1469,01-04-2025,Rahul,rahul47@gmail.com,9815577094,Bengaluru,Karnataka,Bottle,Home,2,499,0,UPI,Delivered,11-04-2025
ORD1470,03-01-2025,Priya,priya66@gmail.com,9458583296,Jaipur,Rajasthan,Watch,Fashion,2,9999,5,Wallet,Returned,05-01-2025
ORD1471,15-06-2025,Sneha,sneha54@gmail.com,9944717091,Delhi,Delhi,Laptop,Electronics,4,2599,20,COD,Returned,21-06-2025
ORD1472,18-03-2025,Vikas,vikas87@gmail.com,9861027886,Delhi,Delhi,Mouse,Electronics,5,1499,20,Card,Delivered,26-03-2025
ORD1473,19-02-2025,Rahul,rahul77@gmail.com,9635640677,Lucknow,UP,Mouse,Electronics,4,1499,N/A,Wallet,Delivered,23-02-2025
ORD1474,09-03-2025,Rahul,rahul25@gmail.com,9387008003,Pune,Maharashtra,Shoes,Fashion,N/A,2599,0,COD,Cancelled,18-03-2025
ORD1475,27-01-2025,Priya,priya29@gmail.com,9375982366,Pune,Maharashtra,Bottle,Home,N/A,1999 ,5,COD,Pending,
ORD1476,22-06-2025,Rohit,rohit94@gmail.com,9281632903,Pune,Maharashtra,Chair,Furniture,5 ,2599,5,Card,Pending,30-06-2025
ORD1477,2025/04/16,Vikas,vikas1@gmail.com,9904339004,Bengaluru,Karnataka,Chair,Furniture,2,499,0,COD,Delivered,21-04-2025
ORD1478,19-04-2025,Sneha,sneha11@gmail.com,9233212770,Delhi,Delhi,Shoes,Fashion,2,1999 ,20,NetBanking,Delivered,23-04-2025
ORD1479,18-01-2025,Neha,neha63@gmail.com,9334823454,Bengaluru,Karnataka,Mouse,Electronics,4,4999,0,Card,Pending,26-01-2025
ORD1480,32-13-2025,Rohit,rohit15@gmail.com,9309550784,Pune,Maharashtra,Chair,Furniture,4,4999,15,NetBanking,Delivered,29-05-2025
ORD1481,17-06-2025,Rohit,rohit46@gmail.com,9379730312,Pune,Maharashtra,Shoes,Fashion,4,2599, ,Wallet,Pending,24-06-2025
ORD1482,27-04-2025,Rahul,rahul53@gmail.com,9487897218,Pune,Maharashtra,Mouse,Electronics,5,499,5,Wallet,Delivered,01-05-2025
ORD1483,20-04-2025,Neha,neha34@gmail.com,9620909768,Bengaluru,Karnataka,Laptop,Electronics,2,1999 ,5,NetBanking,Pending,28-04-2025
ORD1484,16-02-2025,Sneha,sneha66@gmail.com,N/A,Delhi,Delhi,Chair,Furniture,4,9999,10,NetBanking,Cancelled,20-02-2025
ORD1485,24-05-2025,Rohit,rohit35@gmail.com,9845248519,Pune,Maharashtra,Chair,Furniture,5,499,5,NetBanking,Delivered,31-05-2025
ORD1486,2025/05/31,vikas  ,vikas78@gmail.com,9812671945,Bengaluru ,Karnataka,Laptop,Electronics,3,4999,0,Wallet,Delivered,02-06-2025
ORD1487,13-04-2025,Rohit,rohit31@gmail.com,9370472644,Jaipur,Rajasthan,Chair,Furniture,1,499,0,UPI,Delivered,16-04-2025
ORD1488,15-02-2025,Sneha,sneha32@gmail.com,9335556096,Delhi,Delhi,Mouse,Electronics,2,499, ,Wallet,Cancelled,23-02-2025
ORD1489,16-05-2025,Amit,amit39@gmail.com,9606237230,Delhi,Delhi,Laptop,Electronics,N/A,499,10,NetBanking,Pending,24-05-2025
ORD1490,08-05-2025,Sneha,sneha22@gmail.com,9311385417,Pune,Maharashtra,Laptop,Electronics,2,9999,20,Card,Delivered,17-05-2025
ORD1491,04-03-2025,Priya,priya42@gmail.com,9975620718,Lucknow,UP,Laptop,Electronics,2,1499,10,UPI,Cancelled,11-03-2025
ORD1492,12-03-2025,Amit,amit65@gmail.com,9442093414,Delhi,Delhi,Bottle,Home,2,NULL,N/A,NetBanking,Pending,15-03-2025
ORD1493,05-03-2025,Sneha,sneha27@gmail.com,9961393609,Delhi,Delhi,Mouse,Electronics,5 ,4999,N/A,COD,Delivered,07-03-2025
ORD1494,20-03-2025,Sneha,sneha50@gmail.com,9703494194,Delhi,Delhi,Bottle,Home,5 ,999,0,Wallet,Delivered,23-03-2025
ORD1495,2025/02/09,Sneha,sneha59@gmail.com,9580925306,Bengaluru,Karnataka,Mouse,Electronics,1,499, ,NetBanking,Returned,13-02-2025
ORD1496,17-03-2025,Amit,amit43gmail.com,9916348209,Delhi,Delhi,Bottle,Home,N/A,999,N/A,COD,Returned,21-03-2025
ORD1497,10-06-2025,Rohit,rohit24@gmail.com,9280005919,Lucknow,UP,Shoes,Fashion,N/A,2599,15,COD,Returned,16-06-2025
ORD1498,26-04-2025,Priya,priya59@gmail.com,9949870677,Jaipur,Rajasthan,Mouse,Electronics,5,1499,10,Wallet,Delivered,03-05-2025
ORD1499,09-05-2025,Neha,neha39@gmail.com,9594172230,Bengaluru,Karnataka,Laptop,Electronics,N/A,499,5,Wallet,Cancelled,11-05-2025
ORD1500,15-05-2025,Priya,priya67@gmail.com,9848200695,Pune,Maharashtra,Laptop,Electronics,3,NULL,15,UPI,Delivered,
ORD1501,28-04-2025,Amit,amit26@gmail.com,9873317457,Lucknow,UP,Chair,Furniture,-1,1499,15,Wallet,Delivered,04-05-2025
ORD1002,30-06-2025,Neha,neha82@gmail.com,9829008196,Delhi,Delhi,Chair,Furniture,4,1999 ,N/A,UPI,Pending,03-07-2025
ORD1003,03-02-2025,Rohit,rohit45@gmail.com,9280491167,Pune,Maharashtra,Watch,Fashion,5 ,4999,20,Card,Pending,09-02-2025
ORD1004,06-05-2025,Amit,amit6@gmail.com,9943310925,Jaipur,Rajasthan,Mouse,Electronics,3,1999 ,5,COD,Returned,08-05-2025
ORD1005,20-01-2025,Vikas,vikas51@gmail.com,9495120474,Bengaluru,Karnataka,Laptop,Electronics,N/A,NULL,15,Wallet,Pending,27-01-2025
ORD1006,02-04-2025,Rohit,rohit71@gmail.com,9237331620,Pune,Maharashtra,Bottle,Home,N/A,1999 , ,Wallet,Cancelled,07-04-2025
ORD1007,10-02-2025,Rahul,rahul82@gmail.com,9517780193,Mumbai,Maharashtra,Mouse,Electronics,3,499,20,Wallet,Cancelled,18-02-2025
ORD1008,17-02-2025,Rahul,rahul71@gmail.com,9789375429,Lucknow,UP,Mouse,Electronics,4,9999,N/A,Card,Returned,27-02-2025
ORD1009,2025/03/21,Rahul,rahul99@gmail.com,9552649559,Mumbai,Maharashtra,Bottle,Home,2,1499, ,Wallet,Pending,28-03-2025
ORD1010,10-04-2025,Rohit,rohit96@gmail.com,9700116928,Jaipur,Rajasthan,Mouse,Electronics,1,NULL, ,NetBanking,Delivered,16-04-2025
ORD1011,11-01-2025,Neha,neha22@gmail.com,9580304152,Jaipur,Rajasthan,Chair,Furniture,3,999, ,COD,Pending,16-01-2025
ORD1012,03-03-2025,Vikas,vikas46@gmail.com,9551158398,Jaipur,Rajasthan,Shoes,Fashion,3,999,5,COD,Cancelled,09-03-2025
ORD1600,15-05-2025,Priya,priya67@gmail.com,9848200695,Pune,Maharashtra,Laptop,Electronics,3,NULL,15,UPI,Delivered,
ORD1601,28-04-2025,Amit,amit26@gmail.com,9873317457,Lucknow,UP,Chair,Furniture,-1,1499,15,Wallet,Delivered,04-05-2025
ORD1602,30-06-2025,Neha,neha82@gmail.com,9829008196,Delhi,Delhi,Chair,Furniture,4,1999 ,N/A,UPI,Pending,03-07-2025
ORD1603,03-02-2025,Rohit,rohit45@gmail.com,9280491167,Pune,Maharashtra,Watch,Fashion,5 ,4999,20,Card,Pending,09-02-2025
ORD1604,06-05-2025,Amit,amit6@gmail.com,9943310925,Jaipur,Rajasthan,Mouse,Electronics,3,1999 ,5,COD,Returned,08-05-2025
ORD1605,20-01-2025,Vikas,vikas51@gmail.com,9495120474,Bengaluru,Karnataka,Laptop,Electronics,N/A,NULL,15,Wallet,Pending,27-01-2025
ORD1606,02-04-2025,Rohit,rohit71@gmail.com,9237331620,Pune,Maharashtra,Bottle,Home,N/A,1999 , ,Wallet,Cancelled,07-04-2025
ORD1607,10-02-2025,Rahul,rahul82@gmail.com,9517780193,Mumbai,Maharashtra,Mouse,Electronics,3,499,20,Wallet,Cancelled,18-02-2025
ORD1608,17-02-2025,Rahul,rahul71@gmail.com,9789375429,Lucknow,UP,Mouse,Electronics,4,9999,N/A,Card,Returned,27-02-2025
ORD1609,2025/03/21,Rahul,rahul99@gmail.com,9552649559,Mumbai,Maharashtra,Bottle,Home,2,1499, ,Wallet,Pending,28-03-2025
ORD1610,10-04-2025,Rohit,rohit96@gmail.com,9700116928,Jaipur,Rajasthan,Mouse,Electronics,1,NULL, ,NetBanking,Delivered,16-04-2025
ORD1611,11-01-2025,Neha,neha22@gmail.com,9580304152,Jaipur,Rajasthan,Chair,Furniture,3,999, ,COD,Pending,16-01-2025
ORD1612,03-03-2025,Vikas,vikas46@gmail.com,9551158398,Jaipur,Rajasthan,Shoes,Fashion,3,999,5,COD,Cancelled,09-03-2025
