Order_ID,Order_Date,Customer_Name,Email,Phone,City,State,Product,Category,Qty,Unit_Price,Discount,Payment_Mode,Order_Status,Delivery_Date,Sales,Discount_Amount,Net_Sales,Revenue_After_Discount,Order_Year,Order_Month,Order_Month_Name,Order_Day,Order_Day_Name,Order_Quarter,Delivery_Days,Delivery_Performance
ORD1002,2025-06-30,Neha,neha82@gmail.com,9829008196.0,Delhi,Delhi,Chair,Furniture,4.0,1999.0,0.0,UPI,Pending,2025-07-03,7996.0,0.0,7996.0,7996.0,2025,6,June,30,Monday,2,3,Fast
ORD1003,2025-02-03,Rohit,rohit45@gmail.com,9280491167.0,Pune,Maharashtra,Watch,Fashion,5.0,4999.0,20.0,Card,Pending,2025-02-09,24995.0,4999.0,19996.0,19996.0,2025,2,February,3,Monday,1,6,Normal
ORD1004,2025-05-06,Amit,amit6@gmail.com,9943310925.0,Jaipur,Rajasthan,Mouse,Electronics,3.0,1999.0,5.0,COD,Returned,2025-05-08,5997.0,299.85,5697.15,5697.15,2025,5,May,6,Tuesday,2,2,Fast
ORD1005,2025-01-20,Vikas,vikas51@gmail.com,9495120474.0,Bengaluru,Karnataka,Laptop,Electronics,3.0,1999.0,15.0,Wallet,Pending,2025-01-27,5997.0,899.55,5097.45,5097.45,2025,1,January,20,Monday,1,7,Normal
ORD1006,2025-04-02,Rohit,rohit71@gmail.com,9237331620.0,Pune,Maharashtra,Bottle,Home,3.0,1999.0,0.0,Wallet,Cancelled,2025-04-07,5997.0,0.0,5997.0,5997.0,2025,4,April,2,Wednesday,2,5,Normal
ORD1007,2025-02-10,Rahul,rahul82@gmail.com,9517780193.0,Mumbai,Maharashtra,Mouse,Electronics,3.0,499.0,20.0,Wallet,Cancelled,2025-02-18,1497.0,299.4,1197.6,1197.6,2025,2,February,10,Monday,1,8,Delayed
ORD1008,2025-02-17,Rahul,rahul71@gmail.com,9789375429.0,Lucknow,Up,Mouse,Electronics,4.0,9999.0,0.0,Card,Returned,2025-02-27,39996.0,0.0,39996.0,39996.0,2025,2,February,17,Monday,1,10,Delayed
ORD1009,2025-03-21,Rahul,rahul99@gmail.com,9552649559.0,Mumbai,Maharashtra,Bottle,Home,2.0,1499.0,0.0,Wallet,Pending,2025-03-28,2998.0,0.0,2998.0,2998.0,2025,3,March,21,Friday,1,7,Normal
ORD1010,2025-04-10,Rohit,rohit96@gmail.com,9700116928.0,Jaipur,Rajasthan,Mouse,Electronics,1.0,1999.0,0.0,NetBanking,Delivered,2025-04-16,1999.0,0.0,1999.0,1999.0,2025,4,April,10,Thursday,2,6,Normal
ORD1011,2025-01-11,Neha,neha22@gmail.com,9580304152.0,Jaipur,Rajasthan,Chair,Furniture,3.0,999.0,0.0,COD,Pending,2025-01-16,2997.0,0.0,2997.0,2997.0,2025,1,January,11,Saturday,1,5,Normal
ORD1012,2025-03-03,Vikas,vikas46@gmail.com,9551158398.0,Jaipur,Rajasthan,Shoes,Fashion,3.0,999.0,5.0,COD,Cancelled,2025-03-09,2997.0,149.85,2847.15,2847.15,2025,3,March,3,Monday,1,6,Normal
ORD1015,2025-03-17,Rohit,rohit6@gmail.com,9643353842.0,Lucknow,Up,Bottle,Home,5.0,1999.0,5.0,Card,Returned,2025-03-19,9995.0,499.75,9495.25,9495.25,2025,3,March,17,Monday,1,2,Fast
ORD1016,2025-03-31,Sneha,sneha86@gmail.com,9125254427.0,Pune,Maharashtra,Laptop,Electronics,3.0,4999.0,20.0,NetBanking,Pending,2025-04-09,14997.0,2999.4,11997.6,11997.6,2025,3,March,31,Monday,1,9,Delayed
ORD1017,2025-01-12,Vikas,vikas12@gmail.com,9498228945.0,Jaipur,Rajasthan,Watch,Fashion,1.0,4999.0,10.0,NetBanking,Pending,2025-01-22,4999.0,499.9,4499.1,4499.1,2025,1,January,12,Sunday,1,10,Delayed
ORD1018,2025-06-23,Amit,amit96@gmail.com,9124086971.0,Mumbai ,Maharashtra,Shoes,Fashion,2.0,4999.0,5.0,Wallet,Delivered,2025-06-30,9998.0,499.9,9498.1,9498.1,2025,6,June,23,Monday,2,7,Normal
ORD1019,2025-03-06,Vikas,vikas20@gmail.com,9524467082.0,Bengaluru,Karnataka,Chair,Furniture,3.0,1499.0,0.0,COD,Returned,2025-03-16,4497.0,0.0,4497.0,4497.0,2025,3,March,6,Thursday,1,10,Delayed
ORD1020,2025-03-15,Rahul,rahul90@gmail.com,9106119129.0,Pune,Maharashtra,Watch,Fashion,3.0,999.0,0.0,UPI,Returned,2025-03-17,2997.0,0.0,2997.0,2997.0,2025,3,March,15,Saturday,1,2,Fast
ORD1021,2025-01-27,Priya,priya82@gmail.com,9583849937.0,Pune,Maharashtra,Chair,Furniture,3.0,1999.0,5.0,UPI,Cancelled,2025-02-02,5997.0,299.85,5697.15,5697.15,2025,1,January,27,Monday,1,6,Normal
ORD1023,2025-04-27,Neha,neha70@gmail.com,9133995118.0,Mumbai,Maharashtra,Shoes,Fashion,1.0,499.0,5.0,COD,Pending,2025-05-01,499.0,24.95,474.05,474.05,2025,4,April,27,Sunday,2,4,Normal
ORD1024,2025-06-29,Rohit,rohit60@gmail.com,9633404088.0,Bengaluru,Karnataka,Mouse,Electronics,3.0,1999.0,15.0,Card,Cancelled,2025-07-08,5997.0,899.55,5097.45,5097.45,2025,6,June,29,Sunday,2,9,Delayed
ORD1025,2025-01-12,Rahul,rahul54@gmail.com,9850537744.0,Delhi,Delhi,Bottle,Home,3.0,9999.0,10.0,COD,Pending,2025-04-13,29997.0,2999.7,26997.3,26997.3,2025,1,January,12,Sunday,1,91,Delayed
ORD1026,2025-04-05,Sneha,sneha71@gmail.com,9967773139.0,Bengaluru,Karnataka,Bottle,Home,4.0,9999.0,10.0,Wallet,Returned,2025-04-08,39996.0,3999.6,35996.4,35996.4,2025,4,April,5,Saturday,2,3,Fast
ORD1027,2025-02-14,Rahul  ,rahul7@gmail.com,9924848943.0,Pune,Maharashtra,Chair,Furniture,3.0,1999.0,15.0,UPI,Returned,2025-02-23,5997.0,899.55,5097.45,5097.45,2025,2,February,14,Friday,1,9,Delayed
ORD1028,2025-06-05,Amit,amit15@gmail.com,9853264878.0,Lucknow,Up,Watch,Fashion,3.0,4999.0,0.0,NetBanking,Cancelled,2025-06-09,14997.0,0.0,14997.0,14997.0,2025,6,June,5,Thursday,2,4,Normal
ORD1029,2025-02-06,Rahul,rahul82@gmail.com,9689560222.0,Pune,Maharashtra,Bottle,Home,5.0,1499.0,0.0,COD,Delivered,2025-02-13,7495.0,0.0,7495.0,7495.0,2025,2,February,6,Thursday,1,7,Normal
ORD1030,2025-04-25,Rahul,rahul52@gmail.com,9882683944.0,Mumbai,Maharashtra,Shoes,Fashion,1.0,9999.0,20.0,UPI,Delivered,2025-05-01,9999.0,1999.8,7999.2,7999.2,2025,4,April,25,Friday,2,6,Normal
ORD1032,2025-04-12,Neha,neha79@gmail.com,9312273373.0,Pune,Maharashtra,Bottle,Home,1.0,499.0,20.0,UPI,Delivered,2025-04-21,499.0,99.8,399.2,399.2,2025,4,April,12,Saturday,2,9,Delayed
ORD1034,2025-05-13,Amit,amit55@gmail.com,9798448836.0,Pune,Maharashtra,Bottle,Home,4.0,4999.0,0.0,NetBanking,Pending,2025-05-21,19996.0,0.0,19996.0,19996.0,2025,5,May,13,Tuesday,2,8,Delayed
ORD1035,2025-03-11,Priya,priya6@gmail.com,9411511306.0,Mumbai,Maharashtra,Shoes,Fashion,3.0,999.0,0.0,Wallet,Cancelled,2025-03-15,2997.0,0.0,2997.0,2997.0,2025,3,March,11,Tuesday,1,4,Normal
ORD1037,2025-03-18,Sneha,sneha78@gmail.com,9420497333.0,Bengaluru,Karnataka,Laptop,Electronics,3.0,4999.0,0.0,Card,Delivered,2025-03-21,14997.0,0.0,14997.0,14997.0,2025,3,March,18,Tuesday,1,3,Fast
ORD1039,2025-03-20,Rahul,rahul33@gmail.com,9193291098.0,Jaipur,Rajasthan,Laptop,Electronics,1.0,2599.0,15.0,Wallet,Returned,2025-03-25,2599.0,389.85,2209.15,2209.15,2025,3,March,20,Thursday,1,5,Normal
ORD1040,2025-04-07,Sneha,sneha23@gmail.com,9116124699.0,Delhi,Delhi,Bottle,Home,5.0,1499.0,10.0,Card,Returned,2025-06-17,7495.0,749.5,6745.5,6745.5,2025,4,April,7,Monday,2,71,Delayed
ORD1041,2025-06-25,Rahul,rahul11@gmail.com,9940596133.0,Bengaluru,Karnataka,Bottle,Home,5.0,9999.0,0.0,UPI,Returned,2025-06-29,49995.0,0.0,49995.0,49995.0,2025,6,June,25,Wednesday,2,4,Normal
ORD1042,2025-01-13,Rahul,rahul66@gmail.com,9792040786.0,Mumbai,Maharashtra,Bottle,Home,4.0,1999.0,15.0,NetBanking,Delivered,2025-01-15,7996.0,1199.4,6796.6,6796.6,2025,1,January,13,Monday,1,2,Fast
ORD1043,2025-04-16,Rahul,rahul61@gmail.com,9157741059.0,Delhi,Delhi,Laptop,Electronics,2.0,2599.0,5.0,COD,Pending,2025-04-26,5198.0,259.9,4938.1,4938.1,2025,4,April,16,Wednesday,2,10,Delayed
ORD1045,2025-05-03,Priya,priya61@gmail.com,9111524138.0,Bengaluru,Karnataka,Laptop,Electronics,3.0,1499.0,10.0,Wallet,Pending,2025-03-13,4497.0,449.7,4047.3,4047.3,2025,5,May,3,Saturday,2,-51,Fast
ORD1046,2025-02-08,Rahul,rahul60@gmail.com,9674821417.0,Pune,Maharashtra,Shoes,Fashion,3.0,499.0,0.0,Card,Pending,2025-02-18,1497.0,0.0,1497.0,1497.0,2025,2,February,8,Saturday,1,10,Delayed
ORD1047,2025-03-17,Rohit,rohit24@gmail.com,9603990367.0,Jaipur,Rajasthan,Shoes,Fashion,1.0,999.0,20.0,NetBanking,Cancelled,2025-03-24,999.0,199.8,799.2,799.2,2025,3,March,17,Monday,1,7,Normal
ORD1048,2025-02-25,Sneha,sneha28@gmail.com,9177495407.0,Bengaluru,Karnataka,Shoes,Fashion,3.0,1999.0,0.0,Wallet,Cancelled,2025-03-07,5997.0,0.0,5997.0,5997.0,2025,2,February,25,Tuesday,1,10,Delayed
ORD1049,2025-04-15,Amit,amit42@gmail.com,9533399379.0,Lucknow,Up,Watch,Fashion,5.0,2599.0,0.0,COD,Returned,2025-04-23,12995.0,0.0,12995.0,12995.0,2025,4,April,15,Tuesday,2,8,Delayed
ORD1051,2025-05-24,Sneha,sneha52@gmail.com,9643197286.0,Lucknow,Up,Laptop,Electronics,3.0,499.0,10.0,Wallet,Pending,2025-05-31,1497.0,149.7,1347.3,1347.3,2025,5,May,24,Saturday,2,7,Normal
ORD1052,2025-02-25,Sneha,sneha63@gmail.com,9276376917.0,Pune,Maharashtra,Mouse,Electronics,5.0,9999.0,0.0,UPI,Returned,2025-03-02,49995.0,0.0,49995.0,49995.0,2025,2,February,25,Tuesday,1,5,Normal
ORD1053,2025-05-23,Sneha,sneha39@gmail.com,9432994066.0,Mumbai,Maharashtra,Laptop,Electronics,1.0,1999.0,0.0,COD,Delivered,2025-05-29,1999.0,0.0,1999.0,1999.0,2025,5,May,23,Friday,2,6,Normal
ORD1054,2025-05-15,Sneha  ,sneha78@gmail.com,9399449203.0,Jaipur ,Rajasthan,Laptop,Electronics,2.0,999.0,20.0,NetBanking,Pending,2025-05-25,1998.0,399.6,1598.4,1598.4,2025,5,May,15,Thursday,2,10,Delayed
ORD1056,2025-05-29,Neha,neha98@gmail.com,9481676392.0,Pune,Maharashtra,Chair,Furniture,2.0,9999.0,15.0,COD,Cancelled,2025-05-31,19998.0,2999.7,16998.3,16998.3,2025,5,May,29,Thursday,2,2,Fast
ORD1057,2025-02-03,Rohit,rohit66@gmail.com,9358211659.0,Bengaluru,Karnataka,Chair,Furniture,5.0,1499.0,0.0,Wallet,Pending,2025-02-06,7495.0,0.0,7495.0,7495.0,2025,2,February,3,Monday,1,3,Fast
ORD1058,2025-02-12,Sneha,sneha17@gmail.com,9581041302.0,Jaipur,Rajasthan,Chair,Furniture,2.0,2599.0,15.0,Card,Cancelled,2025-02-17,5198.0,779.7,4418.3,4418.3,2025,2,February,12,Wednesday,1,5,Normal
ORD1059,2025-05-07,Vikas,vikas8@gmail.com,9966346542.0,Pune,Maharashtra,Mouse,Electronics,5.0,999.0,0.0,NetBanking,Delivered,2025-05-17,4995.0,0.0,4995.0,4995.0,2025,5,May,7,Wednesday,2,10,Delayed
ORD1060,2025-04-09,Rohit,rohit64@gmail.com,9848493769.0,Delhi,Delhi,Laptop,Electronics,5.0,999.0,0.0,COD,Returned,2025-04-15,4995.0,0.0,4995.0,4995.0,2025,4,April,9,Wednesday,2,6,Normal
ORD1061,2025-06-01,Vikas,vikas12@gmail.com,9714988193.0,Jaipur,Rajasthan,Shoes,Fashion,5.0,499.0,10.0,UPI,Cancelled,2025-06-05,2495.0,249.5,2245.5,2245.5,2025,6,June,1,Sunday,2,4,Normal
ORD1064,2025-06-28,Rohit,rohit44@gmail.com,9745435168.0,Lucknow,Up,Bottle,Home,1.0,1999.0,5.0,NetBanking,Cancelled,2025-07-04,1999.0,99.95,1899.05,1899.05,2025,6,June,28,Saturday,2,6,Normal
ORD1065,2025-04-27,Sneha,sneha92@gmail.com,9231780669.0,Mumbai,Maharashtra,Shoes,Fashion,3.0,1499.0,10.0,NetBanking,Pending,2025-05-01,4497.0,449.7,4047.3,4047.3,2025,4,April,27,Sunday,2,4,Normal
ORD1066,2025-05-05,Neha,neha26@gmail.com,Unknown,Mumbai,Maharashtra,Watch,Fashion,5.0,2599.0,20.0,Card,Returned,2025-05-14,12995.0,2599.0,10396.0,10396.0,2025,5,May,5,Monday,2,9,Delayed
ORD1067,2025-03-10,Sneha,sneha9@gmail.com,9631416622.0,Delhi,Delhi,Shoes,Fashion,1.0,1999.0,0.0,NetBanking,Returned,2025-03-16,1999.0,0.0,1999.0,1999.0,2025,3,March,10,Monday,1,6,Normal
ORD1068,2025-05-23,Neha,neha36@gmail.com,9533724406.0,Mumbai,Maharashtra,Chair,Furniture,3.0,1999.0,0.0,Wallet,Returned,2025-05-27,5997.0,0.0,5997.0,5997.0,2025,5,May,23,Friday,2,4,Normal
ORD1069,2025-01-20,Vikas,vikas55@gmail.com,9385463872.0,Lucknow,Up,Shoes,Fashion,1.0,4999.0,0.0,Card,Cancelled,2025-01-28,4999.0,0.0,4999.0,4999.0,2025,1,January,20,Monday,1,8,Delayed
ORD1070,2025-02-28,Sneha,sneha18@gmail.com,9191665927.0,Delhi,Delhi,Chair,Furniture,1.0,499.0,0.0,Wallet,Cancelled,2025-03-04,499.0,0.0,499.0,499.0,2025,2,February,28,Friday,1,4,Normal
ORD1071,2025-01-13,Priya,priya8@gmail.com,9398321309.0,Delhi,Delhi,Laptop,Electronics,4.0,999.0,15.0,Card,Returned,2025-01-21,3996.0,599.4,3396.6,3396.6,2025,1,January,13,Monday,1,8,Delayed
ORD1072,2025-03-29,Sneha,sneha64@gmail.com,9920347519.0,Bengaluru ,Karnataka,Chair,Furniture,3.0,4999.0,0.0,Card,Returned,2025-04-07,14997.0,0.0,14997.0,14997.0,2025,3,March,29,Saturday,1,9,Delayed
 ,2025-01-26,Vikas,vikas17@gmail.com,9814518863.0,Mumbai,Maharashtra,Chair,Furniture,4.0,4999.0,15.0,NetBanking,Cancelled,2025-01-31,19996.0,2999.4,16996.6,16996.6,2025,1,January,26,Sunday,1,5,Normal
ORD1074,2025-06-15,Neha,neha79@gmail.com,9851707847.0,Pune,Maharashtra,Chair,Furniture,5.0,4999.0,20.0,Card,Delivered,2025-06-19,24995.0,4999.0,19996.0,19996.0,2025,6,June,15,Sunday,2,4,Normal
ORD1075,2025-05-20,Vikas,vikas2@gmail.com,9934129735.0,Pune,Maharashtra,Mouse,Electronics,4.0,4999.0,5.0,NetBanking,Pending,2025-04-13,19996.0,999.8,18996.2,18996.2,2025,5,May,20,Tuesday,2,-37,Fast
ORD1076,2025-06-13,Priya,priya23@gmail.com,9591634565.0,Lucknow,Up,Watch,Fashion,3.0,2599.0,20.0,NetBanking,Delivered,2025-06-21,7797.0,1559.4,6237.6,6237.6,2025,6,June,13,Friday,2,8,Delayed
ORD1077,2025-01-24,Neha,neha85@gmail.com,9919894416.0,Mumbai,Maharashtra,Bottle,Home,2.0,499.0,0.0,Wallet,Cancelled,2025-01-30,998.0,0.0,998.0,998.0,2025,1,January,24,Friday,1,6,Normal
ORD1078,2025-02-01,Neha,neha42@gmail.com,9561350940.0,Lucknow,Up,Chair,Furniture,5.0,1499.0,20.0,Card,Pending,2025-02-06,7495.0,1499.0,5996.0,5996.0,2025,2,February,1,Saturday,1,5,Normal
ORD1079,2025-01-27,Priya,priya59@gmail.com,9961124731.0,Lucknow,Up,Mouse,Electronics,1.0,1999.0,15.0,Card,Returned,2025-02-04,1999.0,299.85,1699.15,1699.15,2025,1,January,27,Monday,1,8,Delayed
ORD1080,2025-04-07,Priya,priya79@gmail.com,9541666116.0,Jaipur,Rajasthan,Laptop,Electronics,5.0,1499.0,5.0,COD,Returned,2025-03-15,7495.0,374.75,7120.25,7120.25,2025,4,April,7,Monday,2,-23,Fast
ORD1081,2025-05-25,Sneha  ,sneha41@gmail.com,9406235087.0,Jaipur,Rajasthan,Bottle,Home,5.0,999.0,20.0,Wallet,Returned,2025-06-04,4995.0,999.0,3996.0,3996.0,2025,5,May,25,Sunday,2,10,Delayed
ORD1082,2025-06-01,Vikas,vikas84@gmail.com,9289950400.0,Pune,Maharashtra,Watch,Fashion,3.0,1999.0,5.0,COD,Pending,2025-06-08,5997.0,299.85,5697.15,5697.15,2025,6,June,1,Sunday,2,7,Normal
ORD1083,2025-05-14,Priya,priya17@gmail.com,9678334449.0,Bengaluru,Karnataka,Shoes,Fashion,5.0,2599.0,15.0,Wallet,Cancelled,2025-05-20,12995.0,1949.25,11045.75,11045.75,2025,5,May,14,Wednesday,2,6,Normal
ORD1084,2025-01-28,Sneha,sneha42@gmail.com,9224233737.0,Delhi,Delhi,Mouse,Electronics,5.0,1999.0,5.0,UPI,Delivered,2025-02-04,9995.0,499.75,9495.25,9495.25,2025,1,January,28,Tuesday,1,7,Normal
ORD1085,2025-01-02,Vikas,vikas8@gmail.com,9811000878.0,Mumbai,Maharashtra,Chair,Furniture,1.0,1999.0,15.0,Card,Returned,2025-01-07,1999.0,299.85,1699.15,1699.15,2025,1,January,2,Thursday,1,5,Normal
ORD1086,2025-03-24,Rahul,rahul51@gmail.com,9334759931.0,Lucknow,Up,Mouse,Electronics,5.0,2599.0,5.0,Card,Delivered,2025-04-02,12995.0,649.75,12345.25,12345.25,2025,3,March,24,Monday,1,9,Delayed
ORD1087,2025-04-22,Vikas,vikas58@gmail.com,9709409870.0,Bengaluru,Karnataka,Bottle,Home,5.0,2599.0,10.0,Card,Delivered,2025-04-30,12995.0,1299.5,11695.5,11695.5,2025,4,April,22,Tuesday,2,8,Delayed
ORD1088,2025-05-04,Rahul,rahul31@gmail.com,Unknown,Bengaluru,Karnataka,Bottle,Home,5.0,9999.0,10.0,Card,Cancelled,2025-05-09,49995.0,4999.5,44995.5,44995.5,2025,5,May,4,Sunday,2,5,Normal
ORD1094,2025-05-17,Rohit,rohit4@gmail.com,9462327553.0,Delhi,Delhi,Mouse,Electronics,3.0,9999.0,0.0,UPI,Pending,2025-05-26,29997.0,0.0,29997.0,29997.0,2025,5,May,17,Saturday,2,9,Delayed
ORD1095,2025-04-05,Rahul,rahul23@gmail.com,9141462098.0,Delhi,Delhi,Chair,Furniture,2.0,999.0,15.0,UPI,Cancelled,2025-04-15,1998.0,299.7,1698.3,1698.3,2025,4,April,5,Saturday,2,10,Delayed
ORD1096,2025-04-05,Rohit,rohit73@gmail.com,9444104993.0,Mumbai,Maharashtra,Shoes,Fashion,5.0,1999.0,0.0,UPI,Pending,2025-04-15,9995.0,0.0,9995.0,9995.0,2025,4,April,5,Saturday,2,10,Delayed
ORD1097,2025-04-01,Sneha,sneha71@gmail.com,9339643495.0,Mumbai,Maharashtra,Shoes,Fashion,1.0,1999.0,0.0,Card,Delivered,2025-04-07,1999.0,0.0,1999.0,1999.0,2025,4,April,1,Tuesday,2,6,Normal
ORD1098,2025-06-01,Neha,neha42@gmail.com,9795658556.0,Mumbai,Maharashtra,Chair,Furniture,5.0,9999.0,15.0,COD,Returned,2025-06-04,49995.0,7499.25,42495.75,42495.75,2025,6,June,1,Sunday,2,3,Fast
ORD1099,2025-12-03,Rahul,rahul62@gmail.com,9409139402.0,Lucknow,Up,Bottle,Home,1.0,499.0,0.0,UPI,Pending,2025-03-15,499.0,0.0,499.0,499.0,2025,12,December,3,Wednesday,4,-263,Fast
ORD1100,2025-03-18,Priya,priya72@gmail.com,9126426468.0,Pune,Maharashtra,Mouse,Electronics,5.0,499.0,15.0,COD,Pending,2025-04-13,2495.0,374.25,2120.75,2120.75,2025,3,March,18,Tuesday,1,26,Delayed
ORD1102,2025-01-07,Sneha,sneha37@gmail.com,9507523995.0,Mumbai,Maharashtra,Chair,Furniture,5.0,2599.0,5.0,COD,Pending,2025-01-11,12995.0,649.75,12345.25,12345.25,2025,1,January,7,Tuesday,1,4,Normal
ORD1103,2025-01-26,Rohit,rohit37@gmail.com,9792751135.0,Pune,Maharashtra,Mouse,Electronics,2.0,999.0,20.0,Wallet,Cancelled,2025-02-03,1998.0,399.6,1598.4,1598.4,2025,1,January,26,Sunday,1,8,Delayed
ORD1104,2025-06-09,Vikas,vikas78@gmail.com,9921698580.0,Jaipur,Rajasthan,Shoes,Fashion,3.0,1999.0,20.0,COD,Cancelled,2025-06-16,5997.0,1199.4,4797.6,4797.6,2025,6,June,9,Monday,2,7,Normal
ORD1105,2025-04-16,Sneha,sneha29@gmail.com,9130855060.0,Lucknow,Up,Laptop,Electronics,4.0,9999.0,0.0,COD,Cancelled,2025-04-21,39996.0,0.0,39996.0,39996.0,2025,4,April,16,Wednesday,2,5,Normal
ORD1106,2025-05-23,Rohit,rohit23@gmail.com,9223201376.0,Mumbai,Maharashtra,Bottle,Home,3.0,2599.0,15.0,Wallet,Delivered,2025-05-26,7797.0,1169.55,6627.45,6627.45,2025,5,May,23,Friday,2,3,Fast
ORD1107,2025-01-25,Priya,priya18@gmail.com,9857341843.0,Bengaluru,Karnataka,Laptop,Electronics,3.0,1999.0,0.0,Wallet,Returned,2025-01-27,5997.0,0.0,5997.0,5997.0,2025,1,January,25,Saturday,1,2,Fast
ORD1108,2025-06-13,Amit  ,amit15@gmail.com,9653805102.0,Pune ,Maharashtra,Watch,Fashion,3.0,2599.0,5.0,COD,Pending,2025-06-23,7797.0,389.85,7407.15,7407.15,2025,6,June,13,Friday,2,10,Delayed
ORD1109,2025-05-09,Priya,priya47@gmail.com,9771632294.0,Jaipur,Rajasthan,Chair,Furniture,2.0,9999.0,0.0,Wallet,Returned,2025-05-16,19998.0,0.0,19998.0,19998.0,2025,5,May,9,Friday,2,7,Normal
ORD1110,2025-05-16,Sneha,sneha32@gmail.com,Unknown,Lucknow,Up,Bottle,Home,2.0,999.0,0.0,NetBanking,Returned,2025-05-25,1998.0,0.0,1998.0,1998.0,2025,5,May,16,Friday,2,9,Delayed
ORD1111,2025-04-09,Rohit,rohit76@gmail.com,9978213662.0,Pune,Maharashtra,Shoes,Fashion,1.0,2599.0,15.0,NetBanking,Returned,2025-04-11,2599.0,389.85,2209.15,2209.15,2025,4,April,9,Wednesday,2,2,Fast
ORD1112,2025-05-31,Rohit,rohit23@gmail.com,9476674723.0,Bengaluru,Karnataka,Bottle,Home,4.0,2599.0,15.0,UPI,Delivered,2025-06-02,10396.0,1559.4,8836.6,8836.6,2025,5,May,31,Saturday,2,2,Fast
ORD1113,2025-02-10,Amit,amit39@gmail.com,9125790157.0,Lucknow,Up,Laptop,Electronics,4.0,499.0,0.0,NetBanking,Cancelled,2025-02-19,1996.0,0.0,1996.0,1996.0,2025,2,February,10,Monday,1,9,Delayed
ORD1114,2025-06-23,Rahul,rahul27@gmail.com,9963695338.0,Jaipur,Rajasthan,Chair,Furniture,5.0,999.0,10.0,Wallet,Returned,2025-07-01,4995.0,499.5,4495.5,4495.5,2025,6,June,23,Monday,2,8,Delayed
ORD1115,2025-05-25,Rahul,rahul17@gmail.com,9306692646.0,Delhi,Delhi,Shoes,Fashion,2.0,2599.0,10.0,COD,Cancelled,2025-05-30,5198.0,519.8,4678.2,4678.2,2025,5,May,25,Sunday,2,5,Normal
ORD1116,2025-01-16,Neha,neha74@gmail.com,9328163443.0,Mumbai,Maharashtra,Watch,Fashion,4.0,1499.0,0.0,NetBanking,Pending,2025-01-23,5996.0,0.0,5996.0,5996.0,2025,1,January,16,Thursday,1,7,Normal
ORD1117,2025-10-05,Priya,priya97@gmail.com,9735134223.0,Lucknow,Up,Bottle,Home,5.0,4999.0,0.0,COD,Delivered,2025-05-16,24995.0,0.0,24995.0,24995.0,2025,10,October,5,Sunday,4,-142,Fast
ORD1118,2025-01-04,Amit,amit84@gmail.com,9723634829.0,Jaipur,Rajasthan,Mouse,Electronics,3.0,9999.0,10.0,COD,Cancelled,2025-01-14,29997.0,2999.7,26997.3,26997.3,2025,1,January,4,Saturday,1,10,Delayed
ORD1119,2025-02-12,Rohit,rohit97@gmail.com,9739414080.0,Bengaluru,Karnataka,Laptop,Electronics,5.0,1999.0,0.0,UPI,Cancelled,2025-02-20,9995.0,0.0,9995.0,9995.0,2025,2,February,12,Wednesday,1,8,Delayed
ORD1120,2025-04-07,Priya,priya70@gmail.com,9908689377.0,Mumbai,Maharashtra,Chair,Furniture,2.0,4999.0,20.0,UPI,Cancelled,2025-03-26,9998.0,1999.6,7998.4,7998.4,2025,4,April,7,Monday,2,-12,Fast
ORD1121,2025-05-20,Vikas,vikas22@gmail.com,9870762927.0,Pune,Maharashtra,Mouse,Electronics,1.0,4999.0,10.0,NetBanking,Cancelled,2025-05-30,4999.0,499.9,4499.1,4499.1,2025,5,May,20,Tuesday,2,10,Delayed
ORD1122,2025-01-22,Neha,neha63@gmail.com,9156805257.0,Delhi,Delhi,Shoes,Fashion,3.0,1999.0,15.0,Wallet,Pending,2025-02-01,5997.0,899.55,5097.45,5097.45,2025,1,January,22,Wednesday,1,10,Delayed
ORD1123,2025-04-30,Rohit,rohit35@gmail.com,9130062131.0,Mumbai,Maharashtra,Watch,Fashion,1.0,2599.0,10.0,NetBanking,Cancelled,2025-05-05,2599.0,259.9,2339.1,2339.1,2025,4,April,30,Wednesday,2,5,Normal
ORD1125,2025-01-09,Priya,priya18@gmail.com,9501386326.0,Lucknow,Up,Bottle,Home,1.0,1999.0,15.0,Wallet,Returned,2025-04-13,1999.0,299.85,1699.15,1699.15,2025,1,January,9,Thursday,1,94,Delayed
ORD1126,2025-05-17,Amit,amit10@gmail.com,9479561164.0,Delhi ,Delhi,Shoes,Fashion,5.0,2599.0,0.0,Wallet,Pending,2025-05-27,12995.0,0.0,12995.0,12995.0,2025,5,May,17,Saturday,2,10,Delayed
ORD1127,2025-01-01,Rahul,rahul90@gmail.com,9327541358.0,Delhi,Delhi,Watch,Fashion,4.0,999.0,0.0,COD,Returned,2025-01-06,3996.0,0.0,3996.0,3996.0,2025,1,January,1,Wednesday,1,5,Normal
ORD1128,2025-02-21,Vikas,vikas76@gmail.com,9363445434.0,Mumbai,Maharashtra,Watch,Fashion,4.0,1499.0,15.0,Wallet,Returned,2025-02-24,5996.0,899.4,5096.6,5096.6,2025,2,February,21,Friday,1,3,Fast
ORD1130,2025-01-13,Priya,priya44@gmail.com,9916562666.0,Delhi,Delhi,Bottle,Home,2.0,1999.0,5.0,Card,Cancelled,2025-01-23,3998.0,199.9,3798.1,3798.1,2025,1,January,13,Monday,1,10,Delayed
ORD1131,2025-05-31,Sneha,sneha26@gmail.com,9292626295.0,Lucknow,Up,Bottle,Home,3.0,999.0,10.0,UPI,Returned,2025-06-05,2997.0,299.7,2697.3,2697.3,2025,5,May,31,Saturday,2,5,Normal
ORD1132,2025-03-29,Amit,amit24@gmail.com,Unknown,Bengaluru,Karnataka,Watch,Fashion,3.0,2599.0,0.0,COD,Pending,2025-04-04,7797.0,0.0,7797.0,7797.0,2025,3,March,29,Saturday,1,6,Normal
ORD1133,2025-06-06,Vikas,vikas88@gmail.com,9376799977.0,Jaipur,Rajasthan,Watch,Fashion,3.0,1999.0,15.0,COD,Cancelled,2025-06-09,5997.0,899.55,5097.45,5097.45,2025,6,June,6,Friday,2,3,Fast
ORD1134,2025-03-02,Vikas,vikas63@gmail.com,9988475551.0,Pune,Maharashtra,Laptop,Electronics,3.0,499.0,0.0,Wallet,Cancelled,2025-03-10,1497.0,0.0,1497.0,1497.0,2025,3,March,2,Sunday,1,8,Delayed
ORD1135,2025-06-28,Neha  ,neha92@gmail.com,9614026109.0,Mumbai,Maharashtra,Shoes,Fashion,1.0,1999.0,20.0,NetBanking,Pending,2025-07-01,1999.0,399.8,1599.2,1599.2,2025,6,June,28,Saturday,2,3,Fast
ORD1136,2025-06-21,Rahul,rahul44@gmail.com,9843123958.0,Pune,Maharashtra,Mouse,Electronics,3.0,9999.0,10.0,Card,Delivered,2025-06-25,29997.0,2999.7,26997.3,26997.3,2025,6,June,21,Saturday,2,4,Normal
ORD1137,2025-05-08,Priya,priya19@gmail.com,9332427755.0,Delhi,Delhi,Mouse,Electronics,5.0,4999.0,10.0,Card,Pending,2025-05-12,24995.0,2499.5,22495.5,22495.5,2025,5,May,8,Thursday,2,4,Normal
ORD1138,2025-05-09,Rahul,rahul11@gmail.com,9944201387.0,Lucknow,Up,Shoes,Fashion,5.0,4999.0,5.0,UPI,Delivered,2025-05-18,24995.0,1249.75,23745.25,23745.25,2025,5,May,9,Friday,2,9,Delayed
ORD1139,2025-04-23,Amit,amit5@gmail.com,9371222104.0,Bengaluru,Karnataka,Bottle,Home,3.0,2599.0,0.0,UPI,Cancelled,2025-04-25,7797.0,0.0,7797.0,7797.0,2025,4,April,23,Wednesday,2,2,Fast
ORD1140,2025-05-05,Neha,neha87@gmail.com,9450353595.0,Lucknow,Up,Laptop,Electronics,1.0,4999.0,10.0,NetBanking,Cancelled,2025-05-12,4999.0,499.9,4499.1,4499.1,2025,5,May,5,Monday,2,7,Normal
ORD1141,2025-05-12,Amit,amit95@gmail.com,9184871973.0,Pune,Maharashtra,Chair,Furniture,5.0,9999.0,0.0,Wallet,Cancelled,2025-05-21,49995.0,0.0,49995.0,49995.0,2025,5,May,12,Monday,2,9,Delayed
ORD1142,2025-06-18,Vikas,vikas38@gmail.com,9879878656.0,Mumbai,Maharashtra,Shoes,Fashion,5.0,1999.0,0.0,Card,Cancelled,2025-06-21,9995.0,0.0,9995.0,9995.0,2025,6,June,18,Wednesday,2,3,Fast
ORD1143,2025-04-16,Neha,neha16@gmail.com,9599207109.0,Bengaluru,Karnataka,Chair,Furniture,5.0,4999.0,0.0,COD,Returned,2025-04-18,24995.0,0.0,24995.0,24995.0,2025,4,April,16,Wednesday,2,2,Fast
ORD1144,2025-03-16,Vikas,vikas79@gmail.com,9571041137.0,Delhi ,Delhi,Watch,Fashion,1.0,1499.0,0.0,Wallet,Returned,2025-03-20,1499.0,0.0,1499.0,1499.0,2025,3,March,16,Sunday,1,4,Normal
ORD1145,2025-04-27,Rahul,rahul70@gmail.com,9503257666.0,Mumbai,Maharashtra,Bottle,Home,1.0,1499.0,0.0,COD,Pending,2025-05-02,1499.0,0.0,1499.0,1499.0,2025,4,April,27,Sunday,2,5,Normal
 ,2025-01-15,Sneha,sneha17@gmail.com,9151754926.0,Lucknow,Up,Bottle,Home,5.0,4999.0,5.0,COD,Returned,2025-01-21,24995.0,1249.75,23745.25,23745.25,2025,1,January,15,Wednesday,1,6,Normal
ORD1148,2025-03-28,Rahul,rahul11@gmail.com,9859241823.0,Mumbai,Maharashtra,Watch,Fashion,1.0,999.0,20.0,COD,Cancelled,2025-04-05,999.0,199.8,799.2,799.2,2025,3,March,28,Friday,1,8,Delayed
ORD1149,2025-04-01,Priya,priya44@gmail.com,9690060173.0,Pune,Maharashtra,Shoes,Fashion,2.0,1999.0,0.0,NetBanking,Returned,2025-04-10,3998.0,0.0,3998.0,3998.0,2025,4,April,1,Tuesday,2,9,Delayed
ORD1150,2025-05-15,Rohit,rohit3@gmail.com,9783266736.0,Mumbai,Maharashtra,Shoes,Fashion,5.0,2599.0,10.0,UPI,Cancelled,2025-04-13,12995.0,1299.5,11695.5,11695.5,2025,5,May,15,Thursday,2,-32,Fast
ORD1151,2025-02-14,Amit,amit62@gmail.com,9779578645.0,Delhi,Delhi,Mouse,Electronics,1.0,2599.0,10.0,Wallet,Delivered,2025-02-23,2599.0,259.9,2339.1,2339.1,2025,2,February,14,Friday,1,9,Delayed
ORD1152,2025-06-18,Sneha,sneha20@gmail.com,9205144628.0,Jaipur,Rajasthan,Shoes,Fashion,2.0,4999.0,0.0,Wallet,Pending,2025-06-20,9998.0,0.0,9998.0,9998.0,2025,6,June,18,Wednesday,2,2,Fast
ORD1153,2025-08-06,Rohit,rohit92@gmail.com,9216677477.0,Bengaluru,Karnataka,Watch,Fashion,1.0,4999.0,0.0,Card,Returned,2025-06-12,4999.0,0.0,4999.0,4999.0,2025,8,August,6,Wednesday,3,-55,Fast
ORD1154,2025-04-24,Priya,priya58@gmail.com,Unknown,Pune,Maharashtra,Shoes,Fashion,5.0,2599.0,0.0,NetBanking,Delivered,2025-04-28,12995.0,0.0,12995.0,12995.0,2025,4,April,24,Thursday,2,4,Normal
ORD1156,2025-02-19,Neha,neha27@gmail.com,9482580040.0,Bengaluru,Karnataka,Laptop,Electronics,3.0,4999.0,15.0,Wallet,Delivered,2025-02-27,14997.0,2249.55,12747.45,12747.45,2025,2,February,19,Wednesday,1,8,Delayed
ORD1157,2025-02-11,Amit,amit67@gmail.com,9600093777.0,Delhi,Delhi,Laptop,Electronics,3.0,1999.0,0.0,Card,Cancelled,2025-02-15,5997.0,0.0,5997.0,5997.0,2025,2,February,11,Tuesday,1,4,Normal
ORD1158,2025-06-09,Rohit,rohit77@gmail.com,9893447040.0,Lucknow,Up,Chair,Furniture,2.0,9999.0,20.0,Wallet,Delivered,2025-06-13,19998.0,3999.6,15998.4,15998.4,2025,6,June,9,Monday,2,4,Normal
ORD1159,2025-03-11,Neha,neha72@gmail.com,9719104422.0,Bengaluru,Karnataka,Laptop,Electronics,3.0,2599.0,0.0,Wallet,Cancelled,2025-03-14,7797.0,0.0,7797.0,7797.0,2025,3,March,11,Tuesday,1,3,Fast
ORD1160,2025-04-07,Priya,priya27@gmail.com,9203667343.0,Mumbai,Maharashtra,Bottle,Home,2.0,9999.0,20.0,COD,Delivered,2025-04-13,19998.0,3999.6,15998.4,15998.4,2025,4,April,7,Monday,2,6,Normal
ORD1161,2025-06-30,Priya,priya55@gmail.com,9835595944.0,Mumbai,Maharashtra,Chair,Furniture,4.0,1499.0,20.0,Wallet,Delivered,2025-07-08,5996.0,1199.2,4796.8,4796.8,2025,6,June,30,Monday,2,8,Delayed
ORD1162,2025-03-28,Sneha  ,sneha8@gmail.com,9313737490.0,Delhi ,Delhi,Watch,Fashion,1.0,2599.0,0.0,Card,Delivered,2025-04-01,2599.0,0.0,2599.0,2599.0,2025,3,March,28,Friday,1,4,Normal
ORD1164,2025-04-03,Vikas,vikas56@gmail.com,9849315681.0,Lucknow,Up,Bottle,Home,5.0,2599.0,15.0,COD,Delivered,2025-04-10,12995.0,1949.25,11045.75,11045.75,2025,4,April,3,Thursday,2,7,Normal
ORD1165,2025-04-19,Neha,neha28@gmail.com,9235161022.0,Mumbai,Maharashtra,Laptop,Electronics,2.0,499.0,0.0,UPI,Pending,2025-04-29,998.0,0.0,998.0,998.0,2025,4,April,19,Saturday,2,10,Delayed
ORD1166,2025-04-02,Neha,neha3@gmail.com,9921574268.0,Delhi,Delhi,Chair,Furniture,5.0,1499.0,20.0,COD,Delivered,2025-04-04,7495.0,1499.0,5996.0,5996.0,2025,4,April,2,Wednesday,2,2,Fast
ORD1167,2025-05-25,Sneha,sneha62@gmail.com,9501654641.0,Mumbai,Maharashtra,Mouse,Electronics,3.0,499.0,0.0,NetBanking,Delivered,2025-05-27,1497.0,0.0,1497.0,1497.0,2025,5,May,25,Sunday,2,2,Fast
ORD1168,2025-02-27,Vikas,vikas27@gmail.com,9983080625.0,Lucknow,Up,Watch,Fashion,1.0,2599.0,15.0,NetBanking,Returned,2025-03-05,2599.0,389.85,2209.15,2209.15,2025,2,February,27,Thursday,1,6,Normal
ORD1169,2025-02-28,Rahul,rahul11@gmail.com,9846751763.0,Delhi,Delhi,Watch,Fashion,3.0,999.0,15.0,COD,Cancelled,2025-03-07,2997.0,449.55,2547.45,2547.45,2025,2,February,28,Friday,1,7,Normal
ORD1170,2025-01-21,Neha,neha82@gmail.com,9558798402.0,Jaipur,Rajasthan,Shoes,Fashion,5.0,1499.0,0.0,COD,Delivered,2025-01-23,7495.0,0.0,7495.0,7495.0,2025,1,January,21,Tuesday,1,2,Fast
ORD1171,2025-11-05,Amit,amit78@gmail.com,9918288229.0,Pune,Maharashtra,Mouse,Electronics,3.0,999.0,0.0,UPI,Delivered,2025-05-15,2997.0,0.0,2997.0,2997.0,2025,11,November,5,Wednesday,4,-174,Fast
ORD1172,2025-02-26,Neha,neha16@gmail.com,9521714786.0,Pune,Maharashtra,Mouse,Electronics,3.0,499.0,0.0,Wallet,Pending,2025-03-04,1497.0,0.0,1497.0,1497.0,2025,2,February,26,Wednesday,1,6,Normal
ORD1173,2025-04-26,Rahul,rahul89@gmail.com,9999073839.0,Bengaluru,Karnataka,Watch,Fashion,1.0,4999.0,15.0,COD,Cancelled,2025-04-30,4999.0,749.85,4249.15,4249.15,2025,4,April,26,Saturday,2,4,Normal
ORD1174,2025-02-15,Priya,priya60@gmail.com,9842003798.0,Bengaluru,Karnataka,Bottle,Home,3.0,1999.0,0.0,COD,Delivered,2025-02-20,5997.0,0.0,5997.0,5997.0,2025,2,February,15,Saturday,1,5,Normal
ORD1175,2025-02-26,Rahul,rahul22@gmail.com,9423004673.0,Delhi,Delhi,Watch,Fashion,1.0,1499.0,5.0,Wallet,Returned,2025-04-13,1499.0,74.95,1424.05,1424.05,2025,2,February,26,Wednesday,1,46,Delayed
ORD1176,2025-06-03,Neha,neha19@gmail.com,Unknown,Mumbai,Maharashtra,Mouse,Electronics,3.0,4999.0,10.0,Wallet,Pending,2025-06-08,14997.0,1499.7,13497.3,13497.3,2025,6,June,3,Tuesday,2,5,Normal
ORD1177,2025-04-07,Priya,priya13@gmail.com,9461242197.0,Jaipur,Rajasthan,Shoes,Fashion,4.0,1999.0,20.0,COD,Returned,2025-04-17,7996.0,1599.2,6396.8,6396.8,2025,4,April,7,Monday,2,10,Delayed
ORD1178,2025-04-26,Rohit,rohit52@gmail.com,9667967484.0,Lucknow,Up,Watch,Fashion,3.0,999.0,10.0,UPI,Cancelled,2025-05-06,2997.0,299.7,2697.3,2697.3,2025,4,April,26,Saturday,2,10,Delayed
ORD1179,2025-05-19,Amit,amit49@gmail.com,9617911882.0,Mumbai,Maharashtra,Watch,Fashion,4.0,4999.0,0.0,Card,Cancelled,2025-05-25,19996.0,0.0,19996.0,19996.0,2025,5,May,19,Monday,2,6,Normal
ORD1181,2025-03-19,Amit,amit5@gmail.com,9421136377.0,Delhi,Delhi,Laptop,Electronics,3.0,1499.0,15.0,COD,Cancelled,2025-03-25,4497.0,674.55,3822.45,3822.45,2025,3,March,19,Wednesday,1,6,Normal
ORD1182,2025-06-25,Rahul,rahul46@gmail.com,9993898089.0,Bengaluru,Karnataka,Bottle,Home,5.0,499.0,20.0,NetBanking,Returned,2025-07-05,2495.0,499.0,1996.0,1996.0,2025,6,June,25,Wednesday,2,10,Delayed
ORD1183,2025-04-12,Amit,amit77@gmail.com,9241602288.0,Delhi,Delhi,Bottle,Home,4.0,9999.0,20.0,NetBanking,Cancelled,2025-04-18,39996.0,7999.2,31996.8,31996.8,2025,4,April,12,Saturday,2,6,Normal
ORD1184,2025-06-30,Priya,priya37@gmail.com,9830144426.0,Jaipur,Rajasthan,Chair,Furniture,3.0,4999.0,20.0,Card,Pending,2025-07-04,14997.0,2999.4,11997.6,11997.6,2025,6,June,30,Monday,2,4,Normal
ORD1185,2025-02-14,Rahul,rahul56@gmail.com,9870048875.0,Delhi,Delhi,Watch,Fashion,1.0,999.0,0.0,NetBanking,Cancelled,2025-02-18,999.0,0.0,999.0,999.0,2025,2,February,14,Friday,1,4,Normal
ORD1187,2025-06-06,Rahul,rahul91@gmail.com,9299209389.0,Delhi,Delhi,Mouse,Electronics,5.0,2599.0,0.0,Card,Returned,2025-06-13,12995.0,0.0,12995.0,12995.0,2025,6,June,6,Friday,2,7,Normal
ORD1189,2025-04-30,Neha  ,neha84@gmail.com,9104440852.0,Pune,Maharashtra,Shoes,Fashion,2.0,499.0,0.0,UPI,Pending,2025-05-07,998.0,0.0,998.0,998.0,2025,4,April,30,Wednesday,2,7,Normal
ORD1190,2025-06-27,Rohit,rohit72@gmail.com,9828064790.0,Bengaluru,Karnataka,Laptop,Electronics,3.0,1499.0,0.0,NetBanking,Delivered,2025-06-30,4497.0,0.0,4497.0,4497.0,2025,6,June,27,Friday,2,3,Fast
ORD1191,2025-05-10,Sneha,sneha85@gmail.com,9260651088.0,Bengaluru,Karnataka,Bottle,Home,3.0,1999.0,20.0,Wallet,Delivered,2025-05-17,5997.0,1199.4,4797.6,4797.6,2025,5,May,10,Saturday,2,7,Normal
ORD1192,2025-04-10,Sneha,sneha47@gmail.com,9346739926.0,Lucknow,Up,Chair,Furniture,2.0,1499.0,0.0,UPI,Returned,2025-04-20,2998.0,0.0,2998.0,2998.0,2025,4,April,10,Thursday,2,10,Delayed
ORD1193,2025-02-24,Rahul,rahul83@gmail.com,9914184322.0,Pune,Maharashtra,Bottle,Home,3.0,499.0,0.0,Wallet,Returned,2025-03-01,1497.0,0.0,1497.0,1497.0,2025,2,February,24,Monday,1,5,Normal
ORD1194,2025-05-17,Neha,neha48@gmail.com,9251581328.0,Bengaluru,Karnataka,Laptop,Electronics,5.0,1499.0,0.0,Card,Delivered,2025-05-27,7495.0,0.0,7495.0,7495.0,2025,5,May,17,Saturday,2,10,Delayed
ORD1195,2025-06-26,Rahul,rahul97@gmail.com,9670476961.0,Pune,Maharashtra,Shoes,Fashion,2.0,9999.0,20.0,COD,Delivered,2025-07-01,19998.0,3999.6,15998.4,15998.4,2025,6,June,26,Thursday,2,5,Normal
ORD1196,2025-05-19,Rohit,rohit36@gmail.com,9343829003.0,Lucknow,Up,Laptop,Electronics,4.0,9999.0,20.0,COD,Delivered,2025-05-26,39996.0,7999.2,31996.8,31996.8,2025,5,May,19,Monday,2,7,Normal
ORD1197,2025-03-31,Rahul,rahul76@gmail.com,9977813525.0,Mumbai,Maharashtra,Watch,Fashion,5.0,499.0,0.0,COD,Delivered,2025-04-07,2495.0,0.0,2495.0,2495.0,2025,3,March,31,Monday,1,7,Normal
ORD1200,2025-04-07,Rohit,rohit8@gmail.com,9900633970.0,Jaipur,Rajasthan,Mouse,Electronics,4.0,1499.0,5.0,Wallet,Pending,2025-04-13,5996.0,299.8,5696.2,5696.2,2025,4,April,7,Monday,2,6,Normal
ORD1201,2025-01-24,Rohit,rohit31@gmail.com,9117012775.0,Bengaluru,Karnataka,Shoes,Fashion,2.0,1999.0,0.0,UPI,Delivered,2025-01-29,3998.0,0.0,3998.0,3998.0,2025,1,January,24,Friday,1,5,Normal
ORD1202,2025-05-16,Rohit,rohit29@gmail.com,9297341581.0,Bengaluru,Karnataka,Chair,Furniture,5.0,9999.0,0.0,Wallet,Delivered,2025-05-21,49995.0,0.0,49995.0,49995.0,2025,5,May,16,Friday,2,5,Normal
ORD1203,2025-04-29,Vikas,vikas36@gmail.com,9900923665.0,Bengaluru,Karnataka,Bottle,Home,4.0,2599.0,20.0,UPI,Cancelled,2025-05-07,10396.0,2079.2,8316.8,8316.8,2025,4,April,29,Tuesday,2,8,Delayed
ORD1204,2025-04-27,Amit,amit28@gmail.com,9221581146.0,Lucknow,Up,Chair,Furniture,2.0,2599.0,0.0,NetBanking,Pending,2025-05-02,5198.0,0.0,5198.0,5198.0,2025,4,April,27,Sunday,2,5,Normal
ORD1205,2025-05-01,Sneha,sneha50@gmail.com,9244857483.0,Pune,Maharashtra,Watch,Fashion,3.0,9999.0,0.0,COD,Delivered,2025-05-04,29997.0,0.0,29997.0,29997.0,2025,5,May,1,Thursday,2,3,Fast
ORD1206,2025-03-17,Vikas,vikas95@gmail.com,9428593006.0,Bengaluru,Karnataka,Chair,Furniture,2.0,9999.0,0.0,UPI,Cancelled,2025-03-22,19998.0,0.0,19998.0,19998.0,2025,3,March,17,Monday,1,5,Normal
ORD1207,2025-03-14,Neha,neha51@gmail.com,9327323248.0,Delhi,Delhi,Laptop,Electronics,2.0,4999.0,20.0,UPI,Delivered,2025-03-19,9998.0,1999.6,7998.4,7998.4,2025,3,March,14,Friday,1,5,Normal
ORD1208,2025-02-19,Sneha,sneha2@gmail.com,9448697337.0,Delhi,Delhi,Chair,Furniture,3.0,1499.0,0.0,UPI,Pending,2025-02-25,4497.0,0.0,4497.0,4497.0,2025,2,February,19,Wednesday,1,6,Normal
ORD1209,2025-04-06,Sneha,sneha58@gmail.com,9630635911.0,Pune,Maharashtra,Mouse,Electronics,3.0,1999.0,0.0,COD,Pending,2025-04-12,5997.0,0.0,5997.0,5997.0,2025,4,April,6,Sunday,2,6,Normal
ORD1210,2025-03-30,Amit,amit72@gmail.com,9629685031.0,Mumbai,Maharashtra,Laptop,Electronics,3.0,1999.0,0.0,COD,Returned,2025-04-08,5997.0,0.0,5997.0,5997.0,2025,3,March,30,Sunday,1,9,Delayed
ORD1211,2025-02-25,Rahul,rahul53@gmail.com,9264832711.0,Bengaluru,Karnataka,Chair,Furniture,3.0,1499.0,0.0,COD,Returned,2025-03-04,4497.0,0.0,4497.0,4497.0,2025,2,February,25,Tuesday,1,7,Normal
ORD1212,2025-01-14,Rohit,rohit67@gmail.com,9919764359.0,Pune,Maharashtra,Laptop,Electronics,5.0,1999.0,20.0,NetBanking,Delivered,2025-01-23,9995.0,1999.0,7996.0,7996.0,2025,1,January,14,Tuesday,1,9,Delayed
ORD1213,2025-03-24,Vikas,vikas32@gmail.com,9725923904.0,Mumbai,Maharashtra,Mouse,Electronics,5.0,1499.0,0.0,UPI,Cancelled,2025-04-03,7495.0,0.0,7495.0,7495.0,2025,3,March,24,Monday,1,10,Delayed
ORD1214,2025-01-22,Neha,neha23@gmail.com,9763321213.0,Lucknow,Up,Shoes,Fashion,5.0,1999.0,0.0,NetBanking,Pending,2025-02-01,9995.0,0.0,9995.0,9995.0,2025,1,January,22,Wednesday,1,10,Delayed
ORD1215,2025-04-11,Vikas,vikas57@gmail.com,9116763158.0,Jaipur,Rajasthan,Mouse,Electronics,5.0,9999.0,0.0,Wallet,Returned,2025-04-18,49995.0,0.0,49995.0,49995.0,2025,4,April,11,Friday,2,7,Normal
ORD1216,2025-11-04,Vikas  ,vikas16@gmail.com,9274302465.0,Bengaluru ,Karnataka,Chair,Furniture,3.0,1499.0,0.0,Card,Returned,2025-04-18,4497.0,0.0,4497.0,4497.0,2025,11,November,4,Tuesday,4,-200,Fast
ORD1218,2025-05-21,Amit,amit29@gmail.com,9171906382.0,Lucknow,Up,Bottle,Home,2.0,1499.0,20.0,UPI,Returned,2025-05-23,2998.0,599.6,2398.4,2398.4,2025,5,May,21,Wednesday,2,2,Fast
 ,2025-01-26,Rahul,rahul38@gmail.com,9240228562.0,Mumbai,Maharashtra,Mouse,Electronics,5.0,499.0,10.0,UPI,Pending,2025-01-28,2495.0,249.5,2245.5,2245.5,2025,1,January,26,Sunday,1,2,Fast
ORD1220,2025-04-04,Rohit,rohit96@gmail.com,Unknown,Bengaluru,Karnataka,Watch,Fashion,1.0,9999.0,10.0,COD,Returned,2025-04-08,9999.0,999.9,8999.1,8999.1,2025,4,April,4,Friday,2,4,Normal
ORD1221,2025-02-02,Vikas,vikas94@gmail.com,9250810488.0,Lucknow,Up,Bottle,Home,5.0,999.0,15.0,NetBanking,Returned,2025-02-08,4995.0,749.25,4245.75,4245.75,2025,2,February,2,Sunday,1,6,Normal
ORD1222,2025-05-27,Sneha,sneha39@gmail.com,9835766723.0,Lucknow,Up,Watch,Fashion,3.0,4999.0,15.0,Wallet,Returned,2025-05-29,14997.0,2249.55,12747.45,12747.45,2025,5,May,27,Tuesday,2,2,Fast
ORD1223,2025-05-01,Vikas,vikas81@gmail.com,9706847038.0,Pune,Maharashtra,Watch,Fashion,5.0,4999.0,10.0,COD,Cancelled,2025-05-10,24995.0,2499.5,22495.5,22495.5,2025,5,May,1,Thursday,2,9,Delayed
ORD1224,2025-03-15,Rahul,rahul61@gmail.com,9378954231.0,Mumbai,Maharashtra,Mouse,Electronics,2.0,4999.0,0.0,COD,Returned,2025-03-20,9998.0,0.0,9998.0,9998.0,2025,3,March,15,Saturday,1,5,Normal
ORD1225,2025-06-15,Neha,neha22@gmail.com,9739669657.0,Lucknow,Up,Shoes,Fashion,3.0,999.0,20.0,Wallet,Pending,2025-04-13,2997.0,599.4,2397.6,2397.6,2025,6,June,15,Sunday,2,-63,Fast
ORD1226,2025-01-16,Rohit,rohit61@gmail.com,9334158867.0,Mumbai,Maharashtra,Watch,Fashion,5.0,499.0,20.0,UPI,Cancelled,2025-01-19,2495.0,499.0,1996.0,1996.0,2025,1,January,16,Thursday,1,3,Fast
ORD1227,2025-01-15,Rohit,rohit73@gmail.com,9753446036.0,Lucknow,Up,Bottle,Home,2.0,499.0,10.0,NetBanking,Returned,2025-01-22,998.0,99.8,898.2,898.2,2025,1,January,15,Wednesday,1,7,Normal
ORD1228,2025-03-06,Priya,priya72@gmail.com,9286654600.0,Bengaluru,Karnataka,Shoes,Fashion,2.0,499.0,15.0,Wallet,Pending,2025-03-12,998.0,149.7,848.3,848.3,2025,3,March,6,Thursday,1,6,Normal
ORD1229,2025-06-06,Rohit,rohit55@gmail.com,9202480572.0,Jaipur,Rajasthan,Bottle,Home,5.0,499.0,10.0,Wallet,Returned,2025-06-10,2495.0,249.5,2245.5,2245.5,2025,6,June,6,Friday,2,4,Normal
ORD1230,2025-01-23,Priya,priya62@gmail.com,9703144165.0,Delhi,Delhi,Shoes,Fashion,3.0,4999.0,0.0,NetBanking,Delivered,2025-02-02,14997.0,0.0,14997.0,14997.0,2025,1,January,23,Thursday,1,10,Delayed
ORD1231,2025-05-07,Neha,neha57@gmail.com,9311923454.0,Lucknow,Up,Bottle,Home,2.0,499.0,0.0,UPI,Delivered,2025-05-10,998.0,0.0,998.0,998.0,2025,5,May,7,Wednesday,2,3,Fast
ORD1232,2025-01-02,Rohit,rohit3@gmail.com,9744822787.0,Pune,Maharashtra,Watch,Fashion,3.0,2599.0,10.0,Wallet,Delivered,2025-01-12,7797.0,779.7,7017.3,7017.3,2025,1,January,2,Thursday,1,10,Delayed
ORD1233,2025-04-23,Amit,amit78@gmail.com,9170597569.0,Delhi,Delhi,Bottle,Home,4.0,999.0,20.0,NetBanking,Pending,2025-04-30,3996.0,799.2,3196.8,3196.8,2025,4,April,23,Wednesday,2,7,Normal
ORD1234,2025-02-20,Rahul,rahul71@gmail.com,9252370625.0,Mumbai ,Maharashtra,Mouse,Electronics,4.0,2599.0,20.0,COD,Delivered,2025-02-27,10396.0,2079.2,8316.8,8316.8,2025,2,February,20,Thursday,1,7,Normal
ORD1235,2025-06-10,Rohit,rohit82@gmail.com,9786681008.0,Mumbai,Maharashtra,Laptop,Electronics,5.0,9999.0,0.0,Wallet,Returned,2025-06-18,49995.0,0.0,49995.0,49995.0,2025,6,June,10,Tuesday,2,8,Delayed
ORD1236,2025-03-30,Sneha,sneha52@gmail.com,9467598211.0,Pune,Maharashtra,Shoes,Fashion,5.0,4999.0,20.0,UPI,Returned,2025-04-08,24995.0,4999.0,19996.0,19996.0,2025,3,March,30,Sunday,1,9,Delayed
ORD1237,2025-02-08,Sneha,sneha64@gmail.com,9609840956.0,Delhi,Delhi,Mouse,Electronics,5.0,2599.0,10.0,NetBanking,Pending,2025-02-12,12995.0,1299.5,11695.5,11695.5,2025,2,February,8,Saturday,1,4,Normal
ORD1238,2025-02-13,Sneha,sneha20@gmail.com,9215923777.0,Jaipur,Rajasthan,Chair,Furniture,3.0,2599.0,20.0,Wallet,Returned,2025-02-22,7797.0,1559.4,6237.6,6237.6,2025,2,February,13,Thursday,1,9,Delayed
ORD1239,2025-02-02,Amit,amit99@gmail.com,9298132383.0,Delhi,Delhi,Mouse,Electronics,4.0,4999.0,20.0,COD,Delivered,2025-02-09,19996.0,3999.2,15996.8,15996.8,2025,2,February,2,Sunday,1,7,Normal
ORD1240,2025-04-07,Rahul,rahul41@gmail.com,9473396808.0,Pune,Maharashtra,Laptop,Electronics,1.0,1999.0,10.0,Wallet,Pending,2025-03-22,1999.0,199.9,1799.1,1799.1,2025,4,April,7,Monday,2,-16,Fast
ORD1241,2025-04-13,Rahul,rahul74@gmail.com,9266228954.0,Delhi,Delhi,Chair,Furniture,5.0,1499.0,0.0,COD,Cancelled,2025-04-15,7495.0,0.0,7495.0,7495.0,2025,4,April,13,Sunday,2,2,Fast
ORD1242,2025-06-18,Priya,priya44@gmail.com,Unknown,Bengaluru,Karnataka,Chair,Furniture,4.0,9999.0,20.0,NetBanking,Returned,2025-06-22,39996.0,7999.2,31996.8,31996.8,2025,6,June,18,Wednesday,2,4,Normal
ORD1243,2025-01-20,Neha  ,neha72@gmail.com,9384057702.0,Lucknow,Up,Chair,Furniture,5.0,999.0,0.0,Wallet,Cancelled,2025-01-24,4995.0,0.0,4995.0,4995.0,2025,1,January,20,Monday,1,4,Normal
ORD1244,2025-01-19,Amit,amit54@gmail.com,9855809712.0,Mumbai,Maharashtra,Shoes,Fashion,5.0,499.0,10.0,Card,Pending,2025-01-23,2495.0,249.5,2245.5,2245.5,2025,1,January,19,Sunday,1,4,Normal
ORD1245,2025-04-20,Rahul,rahul89@gmail.com,9549999839.0,Delhi,Delhi,Chair,Furniture,5.0,1499.0,10.0,COD,Pending,2025-04-29,7495.0,749.5,6745.5,6745.5,2025,4,April,20,Sunday,2,9,Delayed
ORD1246,2025-06-18,Sneha,sneha96@gmail.com,9947789147.0,Mumbai,Maharashtra,Watch,Fashion,4.0,1999.0,0.0,UPI,Returned,2025-06-25,7996.0,0.0,7996.0,7996.0,2025,6,June,18,Wednesday,2,7,Normal
ORD1247,2025-06-28,Amit,amit15@gmail.com,9343013197.0,Delhi,Delhi,Chair,Furniture,5.0,1999.0,5.0,Card,Delivered,2025-07-01,9995.0,499.75,9495.25,9495.25,2025,6,June,28,Saturday,2,3,Fast
ORD1249,2025-04-17,Vikas,vikas45@gmail.com,9491984023.0,Mumbai,Maharashtra,Mouse,Electronics,5.0,499.0,0.0,COD,Cancelled,2025-04-19,2495.0,0.0,2495.0,2495.0,2025,4,April,17,Thursday,2,2,Fast
ORD1250,2025-03-18,Rohit,rohit92@gmail.com,9859832681.0,Mumbai,Maharashtra,Bottle,Home,3.0,2599.0,0.0,Card,Delivered,2025-04-13,7797.0,0.0,7797.0,7797.0,2025,3,March,18,Tuesday,1,26,Delayed
ORD1251,2025-06-26,Neha,neha24@gmail.com,9849220357.0,Mumbai,Maharashtra,Watch,Fashion,3.0,1999.0,20.0,Wallet,Cancelled,2025-07-05,5997.0,1199.4,4797.6,4797.6,2025,6,June,26,Thursday,2,9,Delayed
ORD1252,2025-05-26,Neha,neha57@gmail.com,9774537571.0,Delhi ,Delhi,Laptop,Electronics,3.0,1499.0,15.0,UPI,Pending,2025-06-01,4497.0,674.55,3822.45,3822.45,2025,5,May,26,Monday,2,6,Normal
ORD1253,2025-03-27,Priya,priya3@gmail.com,9739892616.0,Pune,Maharashtra,Laptop,Electronics,5.0,1999.0,0.0,NetBanking,Cancelled,2025-04-01,9995.0,0.0,9995.0,9995.0,2025,3,March,27,Thursday,1,5,Normal
ORD1254,2025-01-01,Priya,priya99@gmail.com,9422425247.0,Jaipur,Rajasthan,Laptop,Electronics,3.0,9999.0,20.0,UPI,Delivered,2025-01-04,29997.0,5999.4,23997.6,23997.6,2025,1,January,1,Wednesday,1,3,Fast
ORD1255,2025-05-27,Rahul,rahul55@gmail.com,9369161142.0,Mumbai,Maharashtra,Bottle,Home,3.0,9999.0,0.0,Card,Cancelled,2025-06-04,29997.0,0.0,29997.0,29997.0,2025,5,May,27,Tuesday,2,8,Delayed
ORD1256,2025-01-02,Rahul,rahul71@gmail.com,9808851312.0,Mumbai,Maharashtra,Laptop,Electronics,2.0,499.0,15.0,COD,Pending,2025-01-07,998.0,149.7,848.3,848.3,2025,1,January,2,Thursday,1,5,Normal
ORD1258,2025-02-13,Neha,neha55@gmail.com,9196604908.0,Lucknow,Up,Shoes,Fashion,2.0,4999.0,15.0,NetBanking,Delivered,2025-02-21,9998.0,1499.7,8498.3,8498.3,2025,2,February,13,Thursday,1,8,Delayed
ORD1259,2025-03-21,Rahul,rahul55@gmail.com,9414758374.0,Delhi,Delhi,Mouse,Electronics,5.0,999.0,0.0,Wallet,Returned,2025-03-23,4995.0,0.0,4995.0,4995.0,2025,3,March,21,Friday,1,2,Fast
ORD1262,2025-06-29,Sneha,sneha24@gmail.com,9282445351.0,Pune,Maharashtra,Bottle,Home,5.0,499.0,10.0,Card,Returned,2025-07-07,2495.0,249.5,2245.5,2245.5,2025,6,June,29,Sunday,2,8,Delayed
ORD1263,2025-05-23,Amit,amit89@gmail.com,9432372075.0,Mumbai,Maharashtra,Laptop,Electronics,3.0,1999.0,10.0,Wallet,Returned,2025-05-31,5997.0,599.7,5397.3,5397.3,2025,5,May,23,Friday,2,8,Delayed
ORD1264,2025-04-23,Neha,neha77@gmail.com,Unknown,Jaipur,Rajasthan,Shoes,Fashion,3.0,1999.0,0.0,Wallet,Returned,2025-04-27,5997.0,0.0,5997.0,5997.0,2025,4,April,23,Wednesday,2,4,Normal
ORD1265,2025-06-26,Neha,neha42@gmail.com,9775830472.0,Lucknow,Up,Laptop,Electronics,3.0,1499.0,0.0,Card,Cancelled,2025-07-06,4497.0,0.0,4497.0,4497.0,2025,6,June,26,Thursday,2,10,Delayed
ORD1266,2025-04-12,Sneha,sneha10@gmail.com,9408316749.0,Mumbai,Maharashtra,Shoes,Fashion,3.0,499.0,15.0,COD,Delivered,2025-04-16,1497.0,224.55,1272.45,1272.45,2025,4,April,12,Saturday,2,4,Normal
ORD1267,2025-01-09,Neha,neha54@gmail.com,9588418445.0,Mumbai,Maharashtra,Mouse,Electronics,4.0,499.0,10.0,Wallet,Cancelled,2025-01-17,1996.0,199.6,1796.4,1796.4,2025,1,January,9,Thursday,1,8,Delayed
ORD1268,2025-02-12,Neha,neha99@gmail.com,9434349945.0,Jaipur,Rajasthan,Watch,Fashion,3.0,9999.0,20.0,UPI,Pending,2025-02-18,29997.0,5999.4,23997.6,23997.6,2025,2,February,12,Wednesday,1,6,Normal
ORD1270,2025-09-01,Neha  ,neha14@gmail.com,9335548258.0,Pune ,Maharashtra,Watch,Fashion,3.0,499.0,20.0,NetBanking,Returned,2025-01-15,1497.0,299.4,1197.6,1197.6,2025,9,September,1,Monday,3,-229,Fast
ORD1271,2025-06-12,Rohit,rohit72@gmail.com,9387139728.0,Pune,Maharashtra,Shoes,Fashion,5.0,2599.0,0.0,UPI,Returned,2025-06-17,12995.0,0.0,12995.0,12995.0,2025,6,June,12,Thursday,2,5,Normal
ORD1272,2025-04-16,Sneha,sneha56@gmail.com,9233370133.0,Delhi,Delhi,Shoes,Fashion,3.0,9999.0,15.0,NetBanking,Delivered,2025-04-24,29997.0,4499.55,25497.45,25497.45,2025,4,April,16,Wednesday,2,8,Delayed
ORD1273,2025-05-19,Vikas,vikas29@gmail.com,9933581073.0,Bengaluru,Karnataka,Bottle,Home,5.0,999.0,15.0,NetBanking,Pending,2025-05-28,4995.0,749.25,4245.75,4245.75,2025,5,May,19,Monday,2,9,Delayed
ORD1274,2025-05-01,Sneha,sneha21@gmail.com,9260884331.0,Pune,Maharashtra,Bottle,Home,3.0,1499.0,10.0,UPI,Returned,2025-05-07,4497.0,449.7,4047.3,4047.3,2025,5,May,1,Thursday,2,6,Normal
ORD1275,2025-03-15,Priya,priya71@gmail.com,9884785474.0,Pune,Maharashtra,Shoes,Fashion,1.0,1999.0,0.0,COD,Returned,2025-04-13,1999.0,0.0,1999.0,1999.0,2025,3,March,15,Saturday,1,29,Delayed
ORD1276,2025-01-22,Rahul,rahul20@gmail.com,9738093025.0,Mumbai,Maharashtra,Shoes,Fashion,1.0,1999.0,5.0,Wallet,Cancelled,2025-01-28,1999.0,99.95,1899.05,1899.05,2025,1,January,22,Wednesday,1,6,Normal
ORD1277,2025-03-21,Sneha,sneha4@gmail.com,9514685895.0,Bengaluru,Karnataka,Chair,Furniture,2.0,2599.0,15.0,COD,Returned,2025-03-29,5198.0,779.7,4418.3,4418.3,2025,3,March,21,Friday,1,8,Delayed
ORD1278,2025-05-31,Amit,amit21@gmail.com,9142819354.0,Pune,Maharashtra,Watch,Fashion,2.0,4999.0,0.0,UPI,Delivered,2025-06-04,9998.0,0.0,9998.0,9998.0,2025,5,May,31,Saturday,2,4,Normal
ORD1280,2025-04-07,Rahul,rahul74@gmail.com,9352557106.0,Pune,Maharashtra,Laptop,Electronics,4.0,1999.0,10.0,Card,Delivered,2025-04-27,7996.0,799.6,7196.4,7196.4,2025,4,April,7,Monday,2,20,Delayed
ORD1283,2025-04-26,Vikas,vikas32@gmail.com,9297674020.0,Jaipur,Rajasthan,Laptop,Electronics,5.0,1499.0,20.0,COD,Returned,2025-05-06,7495.0,1499.0,5996.0,5996.0,2025,4,April,26,Saturday,2,10,Delayed
ORD1284,2025-05-24,Rohit,rohit53@gmail.com,9226514142.0,Pune,Maharashtra,Chair,Furniture,3.0,4999.0,5.0,UPI,Cancelled,2025-05-31,14997.0,749.85,14247.15,14247.15,2025,5,May,24,Saturday,2,7,Normal
ORD1285,2025-05-13,Rahul,rahul62@gmail.com,9780966201.0,Lucknow,Up,Watch,Fashion,1.0,1999.0,0.0,UPI,Cancelled,2025-05-18,1999.0,0.0,1999.0,1999.0,2025,5,May,13,Tuesday,2,5,Normal
ORD1286,2025-04-03,Sneha,sneha18@gmail.com,Unknown,Mumbai,Maharashtra,Shoes,Fashion,5.0,999.0,0.0,Card,Delivered,2025-04-06,4995.0,0.0,4995.0,4995.0,2025,4,April,3,Thursday,2,3,Fast
ORD1287,2025-03-12,Rohit,rohit24@gmail.com,9535823358.0,Mumbai,Maharashtra,Bottle,Home,3.0,1999.0,15.0,Card,Returned,2025-03-18,5997.0,899.55,5097.45,5097.45,2025,3,March,12,Wednesday,1,6,Normal
ORD1288,2025-03-25,Priya,priya37@gmail.com,9149442884.0,Bengaluru ,Karnataka,Laptop,Electronics,1.0,4999.0,0.0,Wallet,Cancelled,2025-04-03,4999.0,0.0,4999.0,4999.0,2025,3,March,25,Tuesday,1,9,Delayed
ORD1289,2025-03-31,Vikas,vikas42@gmail.com,9651366276.0,Jaipur,Rajasthan,Watch,Fashion,5.0,999.0,0.0,COD,Delivered,2025-04-03,4995.0,0.0,4995.0,4995.0,2025,3,March,31,Monday,1,3,Fast
ORD1291,2025-03-26,Amit,amit94@gmail.com,9934522676.0,Delhi,Delhi,Bottle,Home,2.0,999.0,0.0,Card,Pending,2025-03-29,1998.0,0.0,1998.0,1998.0,2025,3,March,26,Wednesday,1,3,Fast
 ,2025-06-24,Rahul,rahul60@gmail.com,9250231514.0,Pune,Maharashtra,Laptop,Electronics,2.0,1499.0,0.0,COD,Pending,2025-06-27,2998.0,0.0,2998.0,2998.0,2025,6,June,24,Tuesday,2,3,Fast
ORD1293,2025-03-14,Rahul,rahul10@gmail.com,9168263225.0,Bengaluru,Karnataka,Laptop,Electronics,3.0,1999.0,0.0,UPI,Returned,2025-03-23,5997.0,0.0,5997.0,5997.0,2025,3,March,14,Friday,1,9,Delayed
ORD1294,2025-06-01,Amit,amit42@gmail.com,9338825871.0,Pune,Maharashtra,Shoes,Fashion,3.0,1999.0,20.0,Wallet,Returned,2025-06-07,5997.0,1199.4,4797.6,4797.6,2025,6,June,1,Sunday,2,6,Normal
ORD1296,2025-06-25,Sneha,sneha88@gmail.com,9807038611.0,Pune,Maharashtra,Laptop,Electronics,5.0,1999.0,0.0,Wallet,Pending,2025-06-27,9995.0,0.0,9995.0,9995.0,2025,6,June,25,Wednesday,2,2,Fast
ORD1297,2025-06-18,Sneha  ,sneha36@gmail.com,9321478481.0,Bengaluru,Karnataka,Shoes,Fashion,3.0,9999.0,15.0,Wallet,Pending,2025-06-21,29997.0,4499.55,25497.45,25497.45,2025,6,June,18,Wednesday,2,3,Fast
ORD1299,2025-05-12,Rohit,rohit84@gmail.com,9519363731.0,Mumbai,Maharashtra,Shoes,Fashion,5.0,1999.0,0.0,UPI,Returned,2025-05-18,9995.0,0.0,9995.0,9995.0,2025,5,May,12,Monday,2,6,Normal
ORD1300,2025-02-25,Amit,amit19@gmail.com,9222483704.0,Jaipur,Rajasthan,Bottle,Home,1.0,499.0,5.0,NetBanking,Delivered,2025-04-13,499.0,24.95,474.05,474.05,2025,2,February,25,Tuesday,1,47,Delayed
ORD1301,2025-04-10,Vikas,vikas52@gmail.com,9555571399.0,Jaipur,Rajasthan,Shoes,Fashion,3.0,1499.0,10.0,Card,Delivered,2025-04-20,4497.0,449.7,4047.3,4047.3,2025,4,April,10,Thursday,2,10,Delayed
ORD1302,2025-05-20,Amit,amit79@gmail.com,9239911474.0,Bengaluru,Karnataka,Watch,Fashion,2.0,4999.0,0.0,COD,Returned,2025-05-30,9998.0,0.0,9998.0,9998.0,2025,5,May,20,Tuesday,2,10,Delayed
ORD1303,2025-06-20,Rahul,rahul6@gmail.com,9432269451.0,Jaipur,Rajasthan,Shoes,Fashion,3.0,1999.0,15.0,Wallet,Delivered,2025-06-25,5997.0,899.55,5097.45,5097.45,2025,6,June,20,Friday,2,5,Normal
ORD1305,2025-02-09,Vikas,vikas86@gmail.com,9523265367.0,Bengaluru,Karnataka,Chair,Furniture,4.0,1999.0,0.0,COD,Delivered,2025-02-12,7996.0,0.0,7996.0,7996.0,2025,2,February,9,Sunday,1,3,Fast
ORD1306,2025-05-01,Sneha,sneha87@gmail.com,9217558569.0,Mumbai ,Maharashtra,Mouse,Electronics,1.0,999.0,0.0,Wallet,Delivered,2025-01-12,999.0,0.0,999.0,999.0,2025,5,May,1,Thursday,2,-109,Fast
ORD1307,2025-02-19,Amit,amit22@gmail.com,9261952088.0,Bengaluru,Karnataka,Laptop,Electronics,5.0,9999.0,0.0,NetBanking,Delivered,2025-02-26,49995.0,0.0,49995.0,49995.0,2025,2,February,19,Wednesday,1,7,Normal
ORD1308,2025-02-09,Rahul,rahul41@gmail.com,Unknown,Delhi,Delhi,Chair,Furniture,2.0,1499.0,5.0,COD,Pending,2025-02-12,2998.0,149.9,2848.1,2848.1,2025,2,February,9,Sunday,1,3,Fast
ORD1309,2025-04-08,Sneha,sneha88@gmail.com,9392114679.0,Jaipur,Rajasthan,Shoes,Fashion,2.0,1999.0,20.0,COD,Cancelled,2025-04-18,3998.0,799.6,3198.4,3198.4,2025,4,April,8,Tuesday,2,10,Delayed
ORD1311,2025-06-23,Sneha,sneha18@gmail.com,9199150123.0,Jaipur,Rajasthan,Bottle,Home,4.0,1999.0,15.0,Wallet,Pending,2025-07-02,7996.0,1199.4,6796.6,6796.6,2025,6,June,23,Monday,2,9,Delayed
ORD1312,2025-02-03,Amit,amit19@gmail.com,9113360501.0,Pune,Maharashtra,Laptop,Electronics,5.0,9999.0,5.0,COD,Cancelled,2025-02-08,49995.0,2499.75,47495.25,47495.25,2025,2,February,3,Monday,1,5,Normal
ORD1313,2025-03-12,Vikas,vikas2@gmail.com,9296775424.0,Lucknow,Up,Bottle,Home,2.0,499.0,10.0,Wallet,Returned,2025-03-18,998.0,99.8,898.2,898.2,2025,3,March,12,Wednesday,1,6,Normal
ORD1314,2025-01-14,Vikas,vikas8@gmail.com,9612657813.0,Pune,Maharashtra,Chair,Furniture,5.0,4999.0,5.0,COD,Delivered,2025-01-17,24995.0,1249.75,23745.25,23745.25,2025,1,January,14,Tuesday,1,3,Fast
ORD1315,2025-04-06,Rohit,rohit38@gmail.com,9122667888.0,Lucknow,Up,Laptop,Electronics,4.0,499.0,0.0,NetBanking,Delivered,2025-06-11,1996.0,0.0,1996.0,1996.0,2025,4,April,6,Sunday,2,66,Delayed
ORD1316,2025-02-14,Amit,amit95@gmail.com,9399340561.0,Jaipur,Rajasthan,Bottle,Home,3.0,1999.0,15.0,UPI,Delivered,2025-02-22,5997.0,899.55,5097.45,5097.45,2025,2,February,14,Friday,1,8,Delayed
ORD1317,2025-02-11,Sneha,sneha63@gmail.com,9849913603.0,Jaipur,Rajasthan,Shoes,Fashion,4.0,1999.0,0.0,NetBanking,Delivered,2025-02-20,7996.0,0.0,7996.0,7996.0,2025,2,February,11,Tuesday,1,9,Delayed
ORD1318,2025-02-21,Rahul,rahul73@gmail.com,9771789560.0,Bengaluru,Karnataka,Bottle,Home,2.0,499.0,10.0,NetBanking,Cancelled,2025-02-25,998.0,99.8,898.2,898.2,2025,2,February,21,Friday,1,4,Normal
ORD1319,2025-06-10,Rahul,rahul7@gmail.com,9894093725.0,Mumbai,Maharashtra,Mouse,Electronics,5.0,1999.0,0.0,COD,Cancelled,2025-06-12,9995.0,0.0,9995.0,9995.0,2025,6,June,10,Tuesday,2,2,Fast
ORD1320,2025-04-07,Rahul,rahul4@gmail.com,9574814751.0,Pune,Maharashtra,Laptop,Electronics,1.0,4999.0,10.0,NetBanking,Cancelled,2025-06-20,4999.0,499.9,4499.1,4499.1,2025,4,April,7,Monday,2,74,Delayed
ORD1321,2025-06-18,Vikas,vikas53@gmail.com,9910821614.0,Mumbai,Maharashtra,Bottle,Home,3.0,999.0,20.0,NetBanking,Returned,2025-06-22,2997.0,599.4,2397.6,2397.6,2025,6,June,18,Wednesday,2,4,Normal
ORD1322,2025-04-16,Vikas,vikas30@gmail.com,9997851784.0,Pune,Maharashtra,Mouse,Electronics,5.0,4999.0,5.0,Card,Returned,2025-04-21,24995.0,1249.75,23745.25,23745.25,2025,4,April,16,Wednesday,2,5,Normal
ORD1323,2025-01-04,Priya,priya11@gmail.com,9838548948.0,Jaipur,Rajasthan,Shoes,Fashion,2.0,9999.0,5.0,COD,Pending,2025-01-11,19998.0,999.9,18998.1,18998.1,2025,1,January,4,Saturday,1,7,Normal
ORD1324,2025-05-31,Rohit  ,rohit58@gmail.com,9113037103.0,Pune ,Maharashtra,Laptop,Electronics,5.0,4999.0,10.0,NetBanking,Pending,2025-06-05,24995.0,2499.5,22495.5,22495.5,2025,5,May,31,Saturday,2,5,Normal
ORD1325,2025-05-29,Amit,amit47@gmail.com,9397896952.0,Pune,Maharashtra,Mouse,Electronics,2.0,2599.0,0.0,Card,Pending,2025-04-13,5198.0,0.0,5198.0,5198.0,2025,5,May,29,Thursday,2,-46,Fast
ORD1326,2025-04-14,Priya,priya36@gmail.com,9982539227.0,Bengaluru,Karnataka,Laptop,Electronics,3.0,2599.0,0.0,UPI,Returned,2025-04-17,7797.0,0.0,7797.0,7797.0,2025,4,April,14,Monday,2,3,Fast
ORD1327,2025-06-23,Amit,amit42@gmail.com,9292419662.0,Delhi,Delhi,Laptop,Electronics,2.0,1999.0,10.0,Wallet,Pending,2025-07-01,3998.0,399.8,3598.2,3598.2,2025,6,June,23,Monday,2,8,Delayed
ORD1328,2025-05-15,Amit,amit64@gmail.com,9310217232.0,Mumbai,Maharashtra,Chair,Furniture,3.0,1999.0,0.0,NetBanking,Returned,2025-05-21,5997.0,0.0,5997.0,5997.0,2025,5,May,15,Thursday,2,6,Normal
ORD1329,2025-05-09,Rahul,rahul90@gmail.com,9706293416.0,Delhi,Delhi,Bottle,Home,5.0,4999.0,20.0,NetBanking,Returned,2025-05-17,24995.0,4999.0,19996.0,19996.0,2025,5,May,9,Friday,2,8,Delayed
ORD1330,2025-06-06,Vikas,vikas41@gmail.com,Unknown,Lucknow,Up,Mouse,Electronics,3.0,9999.0,0.0,UPI,Pending,2025-06-10,29997.0,0.0,29997.0,29997.0,2025,6,June,6,Friday,2,4,Normal
ORD1331,2025-06-23,Sneha,sneha20@gmail.com,9561744309.0,Pune,Maharashtra,Mouse,Electronics,5.0,4999.0,0.0,COD,Delivered,2025-06-27,24995.0,0.0,24995.0,24995.0,2025,6,June,23,Monday,2,4,Normal
ORD1332,2025-02-20,Rohit,rohit35@gmail.com,9532206110.0,Bengaluru,Karnataka,Shoes,Fashion,3.0,1999.0,10.0,NetBanking,Cancelled,2025-02-23,5997.0,599.7,5397.3,5397.3,2025,2,February,20,Thursday,1,3,Fast
ORD1333,2025-02-05,Sneha,sneha67@gmail.com,9324547716.0,Bengaluru,Karnataka,Laptop,Electronics,4.0,4999.0,15.0,Wallet,Delivered,2025-05-11,19996.0,2999.4,16996.6,16996.6,2025,2,February,5,Wednesday,1,95,Delayed
ORD1334,2025-02-27,Rahul,rahul98@gmail.com,9151907626.0,Pune,Maharashtra,Bottle,Home,3.0,1999.0,0.0,Card,Returned,2025-03-08,5997.0,0.0,5997.0,5997.0,2025,2,February,27,Thursday,1,9,Delayed
ORD1335,2025-04-08,Rohit,rohit34@gmail.com,9113457890.0,Lucknow,Up,Chair,Furniture,3.0,2599.0,0.0,Card,Pending,2025-04-17,7797.0,0.0,7797.0,7797.0,2025,4,April,8,Tuesday,2,9,Delayed
ORD1336,2025-01-03,Amit,amit37@gmail.com,9206017601.0,Lucknow,Up,Chair,Furniture,3.0,9999.0,15.0,COD,Pending,2025-01-12,29997.0,4499.55,25497.45,25497.45,2025,1,January,3,Friday,1,9,Delayed
ORD1337,2025-02-04,Rahul,rahul58@gmail.com,9753076727.0,Jaipur,Rajasthan,Laptop,Electronics,4.0,999.0,0.0,NetBanking,Cancelled,2025-02-13,3996.0,0.0,3996.0,3996.0,2025,2,February,4,Tuesday,1,9,Delayed
ORD1338,2025-06-13,Neha,neha99@gmail.com,9429636320.0,Lucknow,Up,Laptop,Electronics,5.0,4999.0,0.0,Wallet,Pending,2025-06-16,24995.0,0.0,24995.0,24995.0,2025,6,June,13,Friday,2,3,Fast
ORD1339,2025-02-23,Rahul,rahul24@gmail.com,9301753805.0,Lucknow,Up,Watch,Fashion,3.0,499.0,0.0,COD,Delivered,2025-02-27,1497.0,0.0,1497.0,1497.0,2025,2,February,23,Sunday,1,4,Normal
ORD1340,2025-03-27,Rohit,rohit84@gmail.com,9258772494.0,Mumbai,Maharashtra,Shoes,Fashion,4.0,1499.0,0.0,Card,Delivered,2025-04-06,5996.0,0.0,5996.0,5996.0,2025,3,March,27,Thursday,1,10,Delayed
ORD1342,2025-06-24,Rahul,rahul19@gmail.com,9869257406.0,Pune ,Maharashtra,Chair,Furniture,5.0,1999.0,10.0,Wallet,Delivered,2025-06-27,9995.0,999.5,8995.5,8995.5,2025,6,June,24,Tuesday,2,3,Fast
ORD1343,2025-02-23,Rahul,rahul12@gmail.com,9783047502.0,Jaipur,Rajasthan,Laptop,Electronics,4.0,2599.0,0.0,NetBanking,Returned,2025-02-27,10396.0,0.0,10396.0,10396.0,2025,2,February,23,Sunday,1,4,Normal
ORD1344,2025-04-07,Rahul,rahul9@gmail.com,9970222154.0,Mumbai,Maharashtra,Mouse,Electronics,3.0,499.0,20.0,Wallet,Pending,2025-04-14,1497.0,299.4,1197.6,1197.6,2025,4,April,7,Monday,2,7,Normal
ORD1345,2025-06-05,Sneha,sneha27@gmail.com,9536056189.0,Delhi,Delhi,Mouse,Electronics,1.0,499.0,20.0,NetBanking,Returned,2025-06-15,499.0,99.8,399.2,399.2,2025,6,June,5,Thursday,2,10,Delayed
ORD1346,2025-05-07,Vikas,vikas51@gmail.com,9654467591.0,Lucknow,Up,Chair,Furniture,2.0,9999.0,0.0,UPI,Pending,2025-05-14,19998.0,0.0,19998.0,19998.0,2025,5,May,7,Wednesday,2,7,Normal
ORD1347,2025-03-29,Sneha,sneha3@gmail.com,9348019295.0,Mumbai,Maharashtra,Shoes,Fashion,1.0,499.0,0.0,UPI,Pending,2025-03-31,499.0,0.0,499.0,499.0,2025,3,March,29,Saturday,1,2,Fast
ORD1348,2025-05-07,Rahul,rahul68@gmail.com,9857040338.0,Mumbai,Maharashtra,Mouse,Electronics,2.0,499.0,5.0,COD,Delivered,2025-05-09,998.0,49.9,948.1,948.1,2025,5,May,7,Wednesday,2,2,Fast
ORD1349,2025-03-21,Amit,amit68@gmail.com,9794705508.0,Pune,Maharashtra,Bottle,Home,5.0,999.0,20.0,UPI,Delivered,2025-03-23,4995.0,999.0,3996.0,3996.0,2025,3,March,21,Friday,1,2,Fast
ORD1350,2025-04-10,Rohit,rohit72@gmail.com,9665886128.0,Bengaluru,Karnataka,Laptop,Electronics,5.0,9999.0,5.0,Card,Returned,2025-04-13,49995.0,2499.75,47495.25,47495.25,2025,4,April,10,Thursday,2,3,Fast
ORD1351,2025-06-26,Priya  ,priya80@gmail.com,9924669279.0,Jaipur,Rajasthan,Shoes,Fashion,5.0,1999.0,5.0,Wallet,Returned,2025-06-29,9995.0,499.75,9495.25,9495.25,2025,6,June,26,Thursday,2,3,Fast
ORD1352,2025-04-23,Vikas,vikas87@gmail.com,Unknown,Delhi,Delhi,Chair,Furniture,3.0,4999.0,0.0,UPI,Delivered,2025-04-26,14997.0,0.0,14997.0,14997.0,2025,4,April,23,Wednesday,2,3,Fast
ORD1354,2025-04-03,Rahul,rahul12@gmail.com,9783505215.0,Mumbai,Maharashtra,Mouse,Electronics,1.0,499.0,0.0,Wallet,Returned,2025-04-07,499.0,0.0,499.0,499.0,2025,4,April,3,Thursday,2,4,Normal
ORD1355,2025-03-10,Sneha,sneha18@gmail.com,9117422351.0,Mumbai,Maharashtra,Watch,Fashion,4.0,999.0,15.0,Wallet,Pending,2025-03-20,3996.0,599.4,3396.6,3396.6,2025,3,March,10,Monday,1,10,Delayed
ORD1356,2025-06-03,Vikas,vikas64@gmail.com,9191378164.0,Bengaluru,Karnataka,Laptop,Electronics,4.0,2599.0,0.0,NetBanking,Returned,2025-06-13,10396.0,0.0,10396.0,10396.0,2025,6,June,3,Tuesday,2,10,Delayed
ORD1357,2025-04-06,Neha,neha91@gmail.com,9732569957.0,Bengaluru,Karnataka,Mouse,Electronics,5.0,2599.0,10.0,COD,Delivered,2025-04-13,12995.0,1299.5,11695.5,11695.5,2025,4,April,6,Sunday,2,7,Normal
ORD1358,2025-01-15,Vikas,vikas80@gmail.com,9139900666.0,Pune,Maharashtra,Bottle,Home,4.0,9999.0,0.0,UPI,Delivered,2025-01-24,39996.0,0.0,39996.0,39996.0,2025,1,January,15,Wednesday,1,9,Delayed
ORD1359,2025-06-03,Priya,priya71@gmail.com,9848437643.0,Bengaluru,Karnataka,Shoes,Fashion,5.0,1499.0,20.0,Wallet,Cancelled,2025-06-09,7495.0,1499.0,5996.0,5996.0,2025,6,June,3,Tuesday,2,6,Normal
ORD1360,2025-04-07,Vikas,vikas94@gmail.com,9394841989.0,Lucknow ,Up,Bottle,Home,1.0,1999.0,0.0,COD,Pending,2025-02-24,1999.0,0.0,1999.0,1999.0,2025,4,April,7,Monday,2,-42,Fast
ORD1361,2025-01-30,Amit,amit73@gmail.com,9645486322.0,Lucknow,Up,Mouse,Electronics,3.0,1999.0,0.0,NetBanking,Pending,2025-02-09,5997.0,0.0,5997.0,5997.0,2025,1,January,30,Thursday,1,10,Delayed
ORD1362,2025-05-13,Priya,priya84@gmail.com,9419451949.0,Pune,Maharashtra,Bottle,Home,3.0,9999.0,20.0,UPI,Delivered,2025-05-23,29997.0,5999.4,23997.6,23997.6,2025,5,May,13,Tuesday,2,10,Delayed
ORD1363,2025-04-21,Neha,neha67@gmail.com,9282801738.0,Lucknow,Up,Shoes,Fashion,3.0,1999.0,0.0,NetBanking,Delivered,2025-04-27,5997.0,0.0,5997.0,5997.0,2025,4,April,21,Monday,2,6,Normal
ORD1364,2025-05-12,Rahul,rahul80@gmail.com,9356805063.0,Bengaluru,Karnataka,Mouse,Electronics,5.0,499.0,15.0,COD,Cancelled,2025-05-19,2495.0,374.25,2120.75,2120.75,2025,5,May,12,Monday,2,7,Normal
 ,2025-06-23,Sneha,sneha38@gmail.com,9546087489.0,Pune,Maharashtra,Shoes,Fashion,5.0,9999.0,0.0,Wallet,Returned,2025-06-28,49995.0,0.0,49995.0,49995.0,2025,6,June,23,Monday,2,5,Normal
ORD1366,2025-01-18,Rohit,rohit54@gmail.com,9180294906.0,Mumbai,Maharashtra,Watch,Fashion,3.0,1999.0,10.0,UPI,Cancelled,2025-01-21,5997.0,599.7,5397.3,5397.3,2025,1,January,18,Saturday,1,3,Fast
ORD1369,2025-06-14,Sneha,sneha15@gmail.com,9836165631.0,Pune,Maharashtra,Shoes,Fashion,5.0,1499.0,0.0,Card,Returned,2025-06-24,7495.0,0.0,7495.0,7495.0,2025,6,June,14,Saturday,2,10,Delayed
ORD1370,2025-05-17,Rahul,rahul24@gmail.com,9244713912.0,Bengaluru,Karnataka,Bottle,Home,5.0,4999.0,15.0,Wallet,Pending,2025-05-22,24995.0,3749.25,21245.75,21245.75,2025,5,May,17,Saturday,2,5,Normal
ORD1371,2025-01-04,Sneha,sneha55@gmail.com,9125679072.0,Jaipur,Rajasthan,Chair,Furniture,2.0,1999.0,0.0,Wallet,Delivered,2025-01-14,3998.0,0.0,3998.0,3998.0,2025,1,January,4,Saturday,1,10,Delayed
ORD1373,2025-05-12,Neha,neha77@gmail.com,9898877941.0,Pune,Maharashtra,Bottle,Home,4.0,4999.0,0.0,Wallet,Returned,2025-05-16,19996.0,0.0,19996.0,19996.0,2025,5,May,12,Monday,2,4,Normal
ORD1374,2025-04-09,Sneha,sneha22@gmail.com,Unknown,Pune,Maharashtra,Shoes,Fashion,3.0,9999.0,10.0,UPI,Delivered,2025-04-14,29997.0,2999.7,26997.3,26997.3,2025,4,April,9,Wednesday,2,5,Normal
ORD1375,2025-04-04,Rahul,rahul19@gmail.com,9691259107.0,Mumbai,Maharashtra,Bottle,Home,1.0,2599.0,0.0,UPI,Delivered,2025-04-13,2599.0,0.0,2599.0,2599.0,2025,4,April,4,Friday,2,9,Delayed
ORD1376,2025-06-01,Sneha,sneha34@gmail.com,9409847018.0,Lucknow,Up,Mouse,Electronics,4.0,999.0,0.0,COD,Delivered,2025-06-11,3996.0,0.0,3996.0,3996.0,2025,6,June,1,Sunday,2,10,Delayed
ORD1378,2025-06-22,Vikas  ,vikas70@gmail.com,9986148293.0,Mumbai ,Maharashtra,Shoes,Fashion,4.0,1499.0,15.0,COD,Cancelled,2025-06-24,5996.0,899.4,5096.6,5096.6,2025,6,June,22,Sunday,2,2,Fast
ORD1379,2025-01-19,Amit,amit6@gmail.com,9793867955.0,Bengaluru,Karnataka,Watch,Fashion,5.0,1999.0,5.0,NetBanking,Pending,2025-01-25,9995.0,499.75,9495.25,9495.25,2025,1,January,19,Sunday,1,6,Normal
ORD1380,2025-02-23,Rahul,rahul45@gmail.com,9536788264.0,Mumbai,Maharashtra,Laptop,Electronics,4.0,9999.0,0.0,NetBanking,Returned,2025-03-03,39996.0,0.0,39996.0,39996.0,2025,2,February,23,Sunday,1,8,Delayed
ORD1381,2025-02-06,Neha,neha93@gmail.com,9427460011.0,Bengaluru,Karnataka,Shoes,Fashion,5.0,2599.0,20.0,Card,Pending,2025-02-10,12995.0,2599.0,10396.0,10396.0,2025,2,February,6,Thursday,1,4,Normal
ORD1382,2025-01-25,Rahul,rahul41@gmail.com,9829324614.0,Mumbai,Maharashtra,Chair,Furniture,1.0,1499.0,20.0,Wallet,Pending,2025-02-04,1499.0,299.8,1199.2,1199.2,2025,1,January,25,Saturday,1,10,Delayed
ORD1383,2025-01-31,Sneha,sneha4@gmail.com,9544514226.0,Pune,Maharashtra,Shoes,Fashion,2.0,1999.0,20.0,NetBanking,Cancelled,2025-02-06,3998.0,799.6,3198.4,3198.4,2025,1,January,31,Friday,1,6,Normal
ORD1385,2025-01-25,Sneha,sneha67@gmail.com,9237413851.0,Pune,Maharashtra,Watch,Fashion,3.0,2599.0,10.0,UPI,Returned,2025-01-28,7797.0,779.7,7017.3,7017.3,2025,1,January,25,Saturday,1,3,Fast
ORD1387,2025-01-23,Sneha,sneha95@gmail.com,9193279554.0,Mumbai,Maharashtra,Watch,Fashion,4.0,9999.0,15.0,UPI,Delivered,2025-01-30,39996.0,5999.4,33996.6,33996.6,2025,1,January,23,Thursday,1,7,Normal
ORD1388,2025-05-14,Rahul,rahul15@gmail.com,9666479823.0,Mumbai,Maharashtra,Shoes,Fashion,3.0,1499.0,15.0,Card,Returned,2025-05-18,4497.0,674.55,3822.45,3822.45,2025,5,May,14,Wednesday,2,4,Normal
ORD1390,2025-03-02,Sneha,sneha78@gmail.com,9322453651.0,Delhi,Delhi,Laptop,Electronics,3.0,1999.0,15.0,NetBanking,Delivered,2025-03-11,5997.0,899.55,5097.45,5097.45,2025,3,March,2,Sunday,1,9,Delayed
ORD1391,2025-05-20,Neha,neha45@gmail.com,9753301285.0,Bengaluru,Karnataka,Bottle,Home,5.0,999.0,20.0,Card,Returned,2025-05-30,4995.0,999.0,3996.0,3996.0,2025,5,May,20,Tuesday,2,10,Delayed
ORD1392,2025-06-20,Vikas,vikas1@gmail.com,9619221858.0,Bengaluru,Karnataka,Chair,Furniture,1.0,9999.0,0.0,COD,Cancelled,2025-06-27,9999.0,0.0,9999.0,9999.0,2025,6,June,20,Friday,2,7,Normal
ORD1393,2025-01-07,Amit,amit34@gmail.com,9886422749.0,Jaipur,Rajasthan,Watch,Fashion,3.0,1999.0,0.0,NetBanking,Pending,2025-01-09,5997.0,0.0,5997.0,5997.0,2025,1,January,7,Tuesday,1,2,Fast
ORD1395,2025-06-29,Neha,neha45@gmail.com,9291811387.0,Lucknow,Up,Chair,Furniture,1.0,499.0,5.0,COD,Pending,2025-07-07,499.0,24.95,474.05,474.05,2025,6,June,29,Sunday,2,8,Delayed
ORD1397,2025-04-14,Neha,neha78@gmail.com,9357537586.0,Delhi,Delhi,Mouse,Electronics,2.0,1999.0,20.0,Wallet,Cancelled,2025-04-16,3998.0,799.6,3198.4,3198.4,2025,4,April,14,Monday,2,2,Fast
ORD1398,2025-03-02,Neha,neha25@gmail.com,9218737753.0,Bengaluru,Karnataka,Laptop,Electronics,3.0,1999.0,0.0,NetBanking,Cancelled,2025-03-08,5997.0,0.0,5997.0,5997.0,2025,3,March,2,Sunday,1,6,Normal
ORD1399,2025-01-06,Neha,neha99@gmail.com,9936830524.0,Pune,Maharashtra,Chair,Furniture,3.0,1499.0,10.0,UPI,Returned,2025-01-16,4497.0,449.7,4047.3,4047.3,2025,1,January,6,Monday,1,10,Delayed
ORD1400,2025-04-07,Rahul,rahul47@gmail.com,9349245979.0,Lucknow,Up,Bottle,Home,4.0,1999.0,20.0,Card,Returned,2025-04-13,7996.0,1599.2,6396.8,6396.8,2025,4,April,7,Monday,2,6,Normal
ORD1401,2025-06-17,Rohit,rohit47@gmail.com,9281394007.0,Delhi,Delhi,Laptop,Electronics,4.0,1999.0,15.0,COD,Returned,2025-06-19,7996.0,1199.4,6796.6,6796.6,2025,6,June,17,Tuesday,2,2,Fast
ORD1402,2025-06-15,Rohit,rohit82@gmail.com,9529644273.0,Jaipur,Rajasthan,Laptop,Electronics,1.0,1499.0,0.0,COD,Returned,2025-06-18,1499.0,0.0,1499.0,1499.0,2025,6,June,15,Sunday,2,3,Fast
ORD1404,2025-04-11,Sneha,sneha22@gmail.com,9434292317.0,Mumbai,Maharashtra,Laptop,Electronics,4.0,1499.0,5.0,Wallet,Cancelled,2025-04-20,5996.0,299.8,5696.2,5696.2,2025,4,April,11,Friday,2,9,Delayed
ORD1405,2025-07-04,Amit  ,amit80@gmail.com,9897156362.0,Mumbai,Maharashtra,Watch,Fashion,1.0,1499.0,0.0,Wallet,Returned,2025-04-13,1499.0,0.0,1499.0,1499.0,2025,7,July,4,Friday,3,-82,Fast
ORD1406,2025-01-24,Neha,neha53@gmail.com,9256072372.0,Bengaluru,Karnataka,Watch,Fashion,5.0,4999.0,10.0,UPI,Delivered,2025-01-26,24995.0,2499.5,22495.5,22495.5,2025,1,January,24,Friday,1,2,Fast
ORD1407,2025-01-17,Rahul,rahul1@gmail.com,9762627881.0,Bengaluru,Karnataka,Chair,Furniture,5.0,1999.0,20.0,Card,Cancelled,2025-01-22,9995.0,1999.0,7996.0,7996.0,2025,1,January,17,Friday,1,5,Normal
ORD1408,2025-02-13,Neha,neha66@gmail.com,9629553838.0,Jaipur,Rajasthan,Mouse,Electronics,5.0,2599.0,20.0,Wallet,Returned,2025-02-21,12995.0,2599.0,10396.0,10396.0,2025,2,February,13,Thursday,1,8,Delayed
ORD1409,2025-02-06,Priya,priya1@gmail.com,9526867921.0,Delhi,Delhi,Watch,Fashion,4.0,9999.0,5.0,Wallet,Returned,2025-02-08,39996.0,1999.8,37996.2,37996.2,2025,2,February,6,Thursday,1,2,Fast
ORD1410,2025-03-10,Rahul,rahul37@gmail.com,9300174389.0,Bengaluru,Karnataka,Chair,Furniture,3.0,1499.0,0.0,Wallet,Returned,2025-03-12,4497.0,0.0,4497.0,4497.0,2025,3,March,10,Monday,1,2,Fast
ORD1411,2025-01-13,Sneha,sneha95@gmail.com,9918096448.0,Mumbai,Maharashtra,Laptop,Electronics,1.0,1999.0,15.0,COD,Pending,2025-01-16,1999.0,299.85,1699.15,1699.15,2025,1,January,13,Monday,1,3,Fast
ORD1412,2025-04-24,Vikas,vikas28@gmail.com,9954928448.0,Mumbai,Maharashtra,Watch,Fashion,5.0,1999.0,5.0,COD,Pending,2025-05-03,9995.0,499.75,9495.25,9495.25,2025,4,April,24,Thursday,2,9,Delayed
ORD1413,2025-01-24,Sneha,sneha36@gmail.com,9979933333.0,Pune,Maharashtra,Laptop,Electronics,5.0,1999.0,0.0,COD,Cancelled,2025-01-28,9995.0,0.0,9995.0,9995.0,2025,1,January,24,Friday,1,4,Normal
ORD1414,2025-05-05,Rohit,rohit22@gmail.com,9342595670.0,Lucknow ,Up,Shoes,Fashion,3.0,1999.0,0.0,Wallet,Pending,2025-05-11,5997.0,0.0,5997.0,5997.0,2025,5,May,5,Monday,2,6,Normal
ORD1416,2025-03-14,Rahul,rahul73@gmail.com,9442177066.0,Jaipur,Rajasthan,Watch,Fashion,4.0,1999.0,20.0,COD,Delivered,2025-03-20,7996.0,1599.2,6396.8,6396.8,2025,3,March,14,Friday,1,6,Normal
ORD1417,2025-01-04,Rohit,rohit91@gmail.com,9485740696.0,Delhi,Delhi,Mouse,Electronics,4.0,4999.0,0.0,UPI,Pending,2025-01-13,19996.0,0.0,19996.0,19996.0,2025,1,January,4,Saturday,1,9,Delayed
ORD1418,2025-04-05,Sneha,sneha54@gmail.com,Unknown,Jaipur,Rajasthan,Chair,Furniture,4.0,4999.0,0.0,NetBanking,Returned,2025-04-13,19996.0,0.0,19996.0,19996.0,2025,4,April,5,Saturday,2,8,Delayed
ORD1419,2025-06-23,Rohit,rohit64@gmail.com,9562675135.0,Jaipur,Rajasthan,Chair,Furniture,3.0,1499.0,0.0,Wallet,Delivered,2025-07-01,4497.0,0.0,4497.0,4497.0,2025,6,June,23,Monday,2,8,Delayed
ORD1420,2025-04-14,Priya,priya90@gmail.com,9279538962.0,Bengaluru,Karnataka,Watch,Fashion,4.0,1999.0,15.0,NetBanking,Pending,2025-04-17,7996.0,1199.4,6796.6,6796.6,2025,4,April,14,Monday,2,3,Fast
ORD1421,2025-03-14,Vikas,vikas31@gmail.com,9183431745.0,Mumbai,Maharashtra,Watch,Fashion,4.0,999.0,10.0,NetBanking,Pending,2025-03-21,3996.0,399.6,3596.4,3596.4,2025,3,March,14,Friday,1,7,Normal
ORD1422,2025-05-09,Amit,amit95@gmail.com,9157480200.0,Delhi,Delhi,Watch,Fashion,5.0,4999.0,5.0,NetBanking,Cancelled,2025-05-15,24995.0,1249.75,23745.25,23745.25,2025,5,May,9,Friday,2,6,Normal
ORD1423,2025-11-05,Neha,neha44@gmail.com,9368932409.0,Pune,Maharashtra,Laptop,Electronics,3.0,2599.0,0.0,COD,Cancelled,2025-05-17,7797.0,0.0,7797.0,7797.0,2025,11,November,5,Wednesday,4,-172,Fast
ORD1424,2025-03-29,Priya,priya48@gmail.com,9166100655.0,Bengaluru,Karnataka,Laptop,Electronics,2.0,9999.0,20.0,NetBanking,Cancelled,2025-04-04,19998.0,3999.6,15998.4,15998.4,2025,3,March,29,Saturday,1,6,Normal
ORD1426,2025-06-19,Priya,priya86@gmail.com,9338976081.0,Pune,Maharashtra,Laptop,Electronics,5.0,1499.0,10.0,COD,Delivered,2025-06-26,7495.0,749.5,6745.5,6745.5,2025,6,June,19,Thursday,2,7,Normal
ORD1427,2025-02-14,Sneha,sneha25@gmail.com,9764093062.0,Jaipur,Rajasthan,Watch,Fashion,5.0,9999.0,0.0,NetBanking,Pending,2025-02-22,49995.0,0.0,49995.0,49995.0,2025,2,February,14,Friday,1,8,Delayed
ORD1428,2025-04-02,Priya,priya27@gmail.com,9575383484.0,Jaipur,Rajasthan,Bottle,Home,5.0,499.0,5.0,Card,Cancelled,2025-04-08,2495.0,124.75,2370.25,2370.25,2025,4,April,2,Wednesday,2,6,Normal
ORD1429,2025-01-17,Sneha,sneha22@gmail.com,9394853096.0,Lucknow,Up,Laptop,Electronics,3.0,9999.0,5.0,COD,Cancelled,2025-01-24,29997.0,1499.85,28497.15,28497.15,2025,1,January,17,Friday,1,7,Normal
ORD1430,2025-02-13,Sneha,sneha17@gmail.com,9770563699.0,Lucknow,Up,Watch,Fashion,5.0,1499.0,20.0,Wallet,Cancelled,2025-02-16,7495.0,1499.0,5996.0,5996.0,2025,2,February,13,Thursday,1,3,Fast
ORD1431,2025-02-05,Priya,priya43@gmail.com,9340031993.0,Bengaluru,Karnataka,Shoes,Fashion,2.0,999.0,5.0,COD,Cancelled,2025-02-15,1998.0,99.9,1898.1,1898.1,2025,2,February,5,Wednesday,1,10,Delayed
ORD1433,2025-04-16,Sneha,sneha19@gmail.com,9818263600.0,Jaipur,Rajasthan,Shoes,Fashion,5.0,499.0,15.0,UPI,Cancelled,2025-04-20,2495.0,374.25,2120.75,2120.75,2025,4,April,16,Wednesday,2,4,Normal
ORD1435,2025-03-05,Rohit,rohit67@gmail.com,9653409026.0,Lucknow,Up,Laptop,Electronics,5.0,4999.0,20.0,NetBanking,Cancelled,2025-03-08,24995.0,4999.0,19996.0,19996.0,2025,3,March,5,Wednesday,1,3,Fast
ORD1436,2025-06-22,Amit,amit73@gmail.com,9568733492.0,Lucknow,Up,Watch,Fashion,5.0,999.0,15.0,UPI,Cancelled,2025-07-01,4995.0,749.25,4245.75,4245.75,2025,6,June,22,Sunday,2,9,Delayed
ORD1437,2025-06-01,Vikas,vikas1@gmail.com,9541696034.0,Bengaluru,Karnataka,Bottle,Home,4.0,2599.0,0.0,NetBanking,Cancelled,2025-06-09,10396.0,0.0,10396.0,10396.0,2025,6,June,1,Sunday,2,8,Delayed
 ,2025-01-14,Priya,priya40@gmail.com,9861729728.0,Delhi,Delhi,Bottle,Home,2.0,499.0,0.0,COD,Cancelled,2025-01-19,998.0,0.0,998.0,998.0,2025,1,January,14,Tuesday,1,5,Normal
ORD1439,2025-05-22,Rahul,rahul34@gmail.com,9519365466.0,Lucknow,Up,Mouse,Electronics,5.0,1499.0,0.0,NetBanking,Delivered,2025-05-29,7495.0,0.0,7495.0,7495.0,2025,5,May,22,Thursday,2,7,Normal
ORD1440,2025-04-07,Rohit,rohit72@gmail.com,Unknown,Pune,Maharashtra,Watch,Fashion,2.0,4999.0,15.0,NetBanking,Pending,2025-02-12,9998.0,1499.7,8498.3,8498.3,2025,4,April,7,Monday,2,-54,Fast
ORD1442,2025-01-15,Sneha,sneha75@gmail.com,9866056523.0,Mumbai,Maharashtra,Watch,Fashion,4.0,999.0,15.0,UPI,Cancelled,2025-01-22,3996.0,599.4,3396.6,3396.6,2025,1,January,15,Wednesday,1,7,Normal
ORD1443,2025-02-14,Sneha,sneha36@gmail.com,9605647471.0,Lucknow,Up,Watch,Fashion,1.0,1499.0,0.0,Card,Pending,2025-02-16,1499.0,0.0,1499.0,1499.0,2025,2,February,14,Friday,1,2,Fast
ORD1444,2025-04-02,Priya,priya86@gmail.com,9417981729.0,Delhi,Delhi,Bottle,Home,4.0,9999.0,20.0,NetBanking,Pending,2025-04-08,39996.0,7999.2,31996.8,31996.8,2025,4,April,2,Wednesday,2,6,Normal
ORD1445,2025-05-04,Vikas,vikas38@gmail.com,9704800143.0,Pune,Maharashtra,Mouse,Electronics,3.0,499.0,5.0,COD,Delivered,2025-05-12,1497.0,74.85,1422.15,1422.15,2025,5,May,4,Sunday,2,8,Delayed
ORD1446,2025-01-07,Rahul,rahul36@gmail.com,9844906787.0,Mumbai,Maharashtra,Shoes,Fashion,3.0,1499.0,15.0,UPI,Cancelled,2025-01-14,4497.0,674.55,3822.45,3822.45,2025,1,January,7,Tuesday,1,7,Normal
ORD1447,2025-01-15,Neha,neha80@gmail.com,9541786434.0,Lucknow,Up,Mouse,Electronics,3.0,1499.0,10.0,NetBanking,Cancelled,2025-01-20,4497.0,449.7,4047.3,4047.3,2025,1,January,15,Wednesday,1,5,Normal
ORD1448,2025-06-17,Neha,neha6@gmail.com,9891169337.0,Pune,Maharashtra,Mouse,Electronics,1.0,4999.0,0.0,NetBanking,Cancelled,2025-06-19,4999.0,0.0,4999.0,4999.0,2025,6,June,17,Tuesday,2,2,Fast
ORD1449,2025-05-19,Priya,priya54@gmail.com,9920350446.0,Bengaluru,Karnataka,Bottle,Home,4.0,1999.0,20.0,UPI,Cancelled,2025-05-22,7996.0,1599.2,6396.8,6396.8,2025,5,May,19,Monday,2,3,Fast
ORD1452,2025-05-23,Rahul,rahul40@gmail.com,9125077784.0,Delhi,Delhi,Laptop,Electronics,5.0,999.0,10.0,Wallet,Cancelled,2025-06-02,4995.0,499.5,4495.5,4495.5,2025,5,May,23,Friday,2,10,Delayed
ORD1454,2025-02-10,Neha,neha53@gmail.com,9124493553.0,Pune,Maharashtra,Watch,Fashion,2.0,1999.0,15.0,COD,Delivered,2025-02-17,3998.0,599.7,3398.3,3398.3,2025,2,February,10,Monday,1,7,Normal
ORD1455,2025-01-23,Rahul,rahul97@gmail.com,9669206149.0,Delhi,Delhi,Shoes,Fashion,4.0,1499.0,20.0,Card,Pending,2025-01-26,5996.0,1199.2,4796.8,4796.8,2025,1,January,23,Thursday,1,3,Fast
ORD1457,2025-01-11,Sneha,sneha97@gmail.com,9523945550.0,Jaipur,Rajasthan,Bottle,Home,5.0,1999.0,0.0,Wallet,Delivered,2025-01-13,9995.0,0.0,9995.0,9995.0,2025,1,January,11,Saturday,1,2,Fast
ORD1458,2025-06-11,Rohit,rohit80@gmail.com,9951760868.0,Mumbai,Maharashtra,Chair,Furniture,1.0,2599.0,20.0,NetBanking,Delivered,2025-06-17,2599.0,519.8,2079.2,2079.2,2025,6,June,11,Wednesday,2,6,Normal
ORD1459,2025-03-27,Neha  ,neha13@gmail.com,9866332686.0,Bengaluru,Karnataka,Bottle,Home,3.0,1999.0,15.0,UPI,Returned,2025-04-05,5997.0,899.55,5097.45,5097.45,2025,3,March,27,Thursday,1,9,Delayed
ORD1460,2025-02-01,Vikas,vikas8@gmail.com,9178563209.0,Bengaluru,Karnataka,Mouse,Electronics,2.0,4999.0,15.0,UPI,Delivered,2025-02-06,9998.0,1499.7,8498.3,8498.3,2025,2,February,1,Saturday,1,5,Normal
ORD1461,2025-04-01,Rahul,rahul23@gmail.com,9433791076.0,Jaipur,Rajasthan,Shoes,Fashion,2.0,1499.0,20.0,UPI,Returned,2025-04-08,2998.0,599.6,2398.4,2398.4,2025,4,April,1,Tuesday,2,7,Normal
ORD1462,2025-03-25,Priya,priya45@gmail.com,Unknown,Mumbai,Maharashtra,Shoes,Fashion,3.0,999.0,10.0,UPI,Delivered,2025-04-03,2997.0,299.7,2697.3,2697.3,2025,3,March,25,Tuesday,1,9,Delayed
ORD1463,2025-06-22,Neha,neha54@gmail.com,9794486194.0,Lucknow,Up,Bottle,Home,4.0,4999.0,20.0,COD,Cancelled,2025-06-27,19996.0,3999.2,15996.8,15996.8,2025,6,June,22,Sunday,2,5,Normal
ORD1464,2025-05-21,Sneha,sneha53@gmail.com,9595254143.0,Jaipur,Rajasthan,Laptop,Electronics,5.0,1999.0,0.0,Card,Cancelled,2025-05-24,9995.0,0.0,9995.0,9995.0,2025,5,May,21,Wednesday,2,3,Fast
ORD1467,2025-04-18,Rahul,rahul83@gmail.com,9526297908.0,Pune,Maharashtra,Bottle,Home,4.0,1999.0,5.0,NetBanking,Pending,2025-04-21,7996.0,399.8,7596.2,7596.2,2025,4,April,18,Friday,2,3,Fast
ORD1469,2025-04-01,Rahul,rahul47@gmail.com,9815577094.0,Bengaluru,Karnataka,Bottle,Home,2.0,499.0,0.0,UPI,Delivered,2025-04-11,998.0,0.0,998.0,998.0,2025,4,April,1,Tuesday,2,10,Delayed
ORD1470,2025-01-03,Priya,priya66@gmail.com,9458583296.0,Jaipur,Rajasthan,Watch,Fashion,2.0,9999.0,5.0,Wallet,Returned,2025-01-05,19998.0,999.9,18998.1,18998.1,2025,1,January,3,Friday,1,2,Fast
ORD1471,2025-06-15,Sneha,sneha54@gmail.com,9944717091.0,Delhi,Delhi,Laptop,Electronics,4.0,2599.0,20.0,COD,Returned,2025-06-21,10396.0,2079.2,8316.8,8316.8,2025,6,June,15,Sunday,2,6,Normal
ORD1472,2025-03-18,Vikas,vikas87@gmail.com,9861027886.0,Delhi,Delhi,Mouse,Electronics,5.0,1499.0,20.0,Card,Delivered,2025-03-26,7495.0,1499.0,5996.0,5996.0,2025,3,March,18,Tuesday,1,8,Delayed
ORD1473,2025-02-19,Rahul,rahul77@gmail.com,9635640677.0,Lucknow,Up,Mouse,Electronics,4.0,1499.0,0.0,Wallet,Delivered,2025-02-23,5996.0,0.0,5996.0,5996.0,2025,2,February,19,Wednesday,1,4,Normal
ORD1474,2025-03-09,Rahul,rahul25@gmail.com,9387008003.0,Pune,Maharashtra,Shoes,Fashion,3.0,2599.0,0.0,COD,Cancelled,2025-03-18,7797.0,0.0,7797.0,7797.0,2025,3,March,9,Sunday,1,9,Delayed
ORD1475,2025-01-27,Priya,priya29@gmail.com,9375982366.0,Pune,Maharashtra,Bottle,Home,3.0,1999.0,5.0,COD,Pending,2025-04-13,5997.0,299.85,5697.15,5697.15,2025,1,January,27,Monday,1,76,Delayed
ORD1476,2025-06-22,Rohit,rohit94@gmail.com,9281632903.0,Pune,Maharashtra,Chair,Furniture,5.0,2599.0,5.0,Card,Pending,2025-06-30,12995.0,649.75,12345.25,12345.25,2025,6,June,22,Sunday,2,8,Delayed
ORD1477,2025-04-16,Vikas,vikas1@gmail.com,9904339004.0,Bengaluru,Karnataka,Chair,Furniture,2.0,499.0,0.0,COD,Delivered,2025-04-21,998.0,0.0,998.0,998.0,2025,4,April,16,Wednesday,2,5,Normal
ORD1478,2025-04-19,Sneha,sneha11@gmail.com,9233212770.0,Delhi,Delhi,Shoes,Fashion,2.0,1999.0,20.0,NetBanking,Delivered,2025-04-23,3998.0,799.6,3198.4,3198.4,2025,4,April,19,Saturday,2,4,Normal
ORD1479,2025-01-18,Neha,neha63@gmail.com,9334823454.0,Bengaluru,Karnataka,Mouse,Electronics,4.0,4999.0,0.0,Card,Pending,2025-01-26,19996.0,0.0,19996.0,19996.0,2025,1,January,18,Saturday,1,8,Delayed
ORD1480,2025-04-07,Rohit,rohit15@gmail.com,9309550784.0,Pune,Maharashtra,Chair,Furniture,4.0,4999.0,15.0,NetBanking,Delivered,2025-05-29,19996.0,2999.4,16996.6,16996.6,2025,4,April,7,Monday,2,52,Delayed
ORD1481,2025-06-17,Rohit,rohit46@gmail.com,9379730312.0,Pune,Maharashtra,Shoes,Fashion,4.0,2599.0,0.0,Wallet,Pending,2025-06-24,10396.0,0.0,10396.0,10396.0,2025,6,June,17,Tuesday,2,7,Normal
ORD1482,2025-04-27,Rahul,rahul53@gmail.com,9487897218.0,Pune,Maharashtra,Mouse,Electronics,5.0,499.0,5.0,Wallet,Delivered,2025-05-01,2495.0,124.75,2370.25,2370.25,2025,4,April,27,Sunday,2,4,Normal
ORD1483,2025-04-20,Neha,neha34@gmail.com,9620909768.0,Bengaluru,Karnataka,Laptop,Electronics,2.0,1999.0,5.0,NetBanking,Pending,2025-04-28,3998.0,199.9,3798.1,3798.1,2025,4,April,20,Sunday,2,8,Delayed
ORD1484,2025-02-16,Sneha,sneha66@gmail.com,Unknown,Delhi,Delhi,Chair,Furniture,4.0,9999.0,10.0,NetBanking,Cancelled,2025-02-20,39996.0,3999.6,35996.4,35996.4,2025,2,February,16,Sunday,1,4,Normal
ORD1485,2025-05-24,Rohit,rohit35@gmail.com,9845248519.0,Pune,Maharashtra,Chair,Furniture,5.0,499.0,5.0,NetBanking,Delivered,2025-05-31,2495.0,124.75,2370.25,2370.25,2025,5,May,24,Saturday,2,7,Normal
ORD1486,2025-05-31,Vikas  ,vikas78@gmail.com,9812671945.0,Bengaluru ,Karnataka,Laptop,Electronics,3.0,4999.0,0.0,Wallet,Delivered,2025-06-02,14997.0,0.0,14997.0,14997.0,2025,5,May,31,Saturday,2,2,Fast
ORD1487,2025-04-13,Rohit,rohit31@gmail.com,9370472644.0,Jaipur,Rajasthan,Chair,Furniture,1.0,499.0,0.0,UPI,Delivered,2025-04-16,499.0,0.0,499.0,499.0,2025,4,April,13,Sunday,2,3,Fast
ORD1488,2025-02-15,Sneha,sneha32@gmail.com,9335556096.0,Delhi,Delhi,Mouse,Electronics,2.0,499.0,0.0,Wallet,Cancelled,2025-02-23,998.0,0.0,998.0,998.0,2025,2,February,15,Saturday,1,8,Delayed
ORD1489,2025-05-16,Amit,amit39@gmail.com,9606237230.0,Delhi,Delhi,Laptop,Electronics,3.0,499.0,10.0,NetBanking,Pending,2025-05-24,1497.0,149.7,1347.3,1347.3,2025,5,May,16,Friday,2,8,Delayed
ORD1490,2025-05-08,Sneha,sneha22@gmail.com,9311385417.0,Pune,Maharashtra,Laptop,Electronics,2.0,9999.0,20.0,Card,Delivered,2025-05-17,19998.0,3999.6,15998.4,15998.4,2025,5,May,8,Thursday,2,9,Delayed
ORD1491,2025-03-04,Priya,priya42@gmail.com,9975620718.0,Lucknow,Up,Laptop,Electronics,2.0,1499.0,10.0,UPI,Cancelled,2025-03-11,2998.0,299.8,2698.2,2698.2,2025,3,March,4,Tuesday,1,7,Normal
ORD1492,2025-03-12,Amit,amit65@gmail.com,9442093414.0,Delhi,Delhi,Bottle,Home,2.0,1999.0,0.0,NetBanking,Pending,2025-03-15,3998.0,0.0,3998.0,3998.0,2025,3,March,12,Wednesday,1,3,Fast
ORD1493,2025-03-05,Sneha,sneha27@gmail.com,9961393609.0,Delhi,Delhi,Mouse,Electronics,5.0,4999.0,0.0,COD,Delivered,2025-03-07,24995.0,0.0,24995.0,24995.0,2025,3,March,5,Wednesday,1,2,Fast
ORD1494,2025-03-20,Sneha,sneha50@gmail.com,9703494194.0,Delhi,Delhi,Bottle,Home,5.0,999.0,0.0,Wallet,Delivered,2025-03-23,4995.0,0.0,4995.0,4995.0,2025,3,March,20,Thursday,1,3,Fast
ORD1495,2025-09-02,Sneha,sneha59@gmail.com,9580925306.0,Bengaluru,Karnataka,Mouse,Electronics,1.0,499.0,0.0,NetBanking,Returned,2025-02-13,499.0,0.0,499.0,499.0,2025,9,September,2,Tuesday,3,-201,Fast
ORD1497,2025-06-10,Rohit,rohit24@gmail.com,9280005919.0,Lucknow,Up,Shoes,Fashion,3.0,2599.0,15.0,COD,Returned,2025-06-16,7797.0,1169.55,6627.45,6627.45,2025,6,June,10,Tuesday,2,6,Normal
ORD1498,2025-04-26,Priya,priya59@gmail.com,9949870677.0,Jaipur,Rajasthan,Mouse,Electronics,5.0,1499.0,10.0,Wallet,Delivered,2025-05-03,7495.0,749.5,6745.5,6745.5,2025,4,April,26,Saturday,2,7,Normal
ORD1499,2025-05-09,Neha,neha39@gmail.com,9594172230.0,Bengaluru,Karnataka,Laptop,Electronics,3.0,499.0,5.0,Wallet,Cancelled,2025-05-11,1497.0,74.85,1422.15,1422.15,2025,5,May,9,Friday,2,2,Fast
ORD1500,2025-05-15,Priya,priya67@gmail.com,9848200695.0,Pune,Maharashtra,Laptop,Electronics,3.0,1999.0,15.0,UPI,Delivered,2025-04-13,5997.0,899.55,5097.45,5097.45,2025,5,May,15,Thursday,2,-32,Fast
ORD1600,2025-05-15,Priya,priya67@gmail.com,9848200695.0,Pune,Maharashtra,Laptop,Electronics,3.0,1999.0,15.0,UPI,Delivered,2025-04-13,5997.0,899.55,5097.45,5097.45,2025,5,May,15,Thursday,2,-32,Fast
ORD1602,2025-06-30,Neha,neha82@gmail.com,9829008196.0,Delhi,Delhi,Chair,Furniture,4.0,1999.0,0.0,UPI,Pending,2025-07-03,7996.0,0.0,7996.0,7996.0,2025,6,June,30,Monday,2,3,Fast
ORD1603,2025-02-03,Rohit,rohit45@gmail.com,9280491167.0,Pune,Maharashtra,Watch,Fashion,5.0,4999.0,20.0,Card,Pending,2025-02-09,24995.0,4999.0,19996.0,19996.0,2025,2,February,3,Monday,1,6,Normal
ORD1604,2025-05-06,Amit,amit6@gmail.com,9943310925.0,Jaipur,Rajasthan,Mouse,Electronics,3.0,1999.0,5.0,COD,Returned,2025-05-08,5997.0,299.85,5697.15,5697.15,2025,5,May,6,Tuesday,2,2,Fast
ORD1605,2025-01-20,Vikas,vikas51@gmail.com,9495120474.0,Bengaluru,Karnataka,Laptop,Electronics,3.0,1999.0,15.0,Wallet,Pending,2025-01-27,5997.0,899.55,5097.45,5097.45,2025,1,January,20,Monday,1,7,Normal
ORD1606,2025-04-02,Rohit,rohit71@gmail.com,9237331620.0,Pune,Maharashtra,Bottle,Home,3.0,1999.0,0.0,Wallet,Cancelled,2025-04-07,5997.0,0.0,5997.0,5997.0,2025,4,April,2,Wednesday,2,5,Normal
ORD1607,2025-02-10,Rahul,rahul82@gmail.com,9517780193.0,Mumbai,Maharashtra,Mouse,Electronics,3.0,499.0,20.0,Wallet,Cancelled,2025-02-18,1497.0,299.4,1197.6,1197.6,2025,2,February,10,Monday,1,8,Delayed
ORD1608,2025-02-17,Rahul,rahul71@gmail.com,9789375429.0,Lucknow,Up,Mouse,Electronics,4.0,9999.0,0.0,Card,Returned,2025-02-27,39996.0,0.0,39996.0,39996.0,2025,2,February,17,Monday,1,10,Delayed
ORD1609,2025-03-21,Rahul,rahul99@gmail.com,9552649559.0,Mumbai,Maharashtra,Bottle,Home,2.0,1499.0,0.0,Wallet,Pending,2025-03-28,2998.0,0.0,2998.0,2998.0,2025,3,March,21,Friday,1,7,Normal
ORD1610,2025-04-10,Rohit,rohit96@gmail.com,9700116928.0,Jaipur,Rajasthan,Mouse,Electronics,1.0,1999.0,0.0,NetBanking,Delivered,2025-04-16,1999.0,0.0,1999.0,1999.0,2025,4,April,10,Thursday,2,6,Normal
ORD1611,2025-01-11,Neha,neha22@gmail.com,9580304152.0,Jaipur,Rajasthan,Chair,Furniture,3.0,999.0,0.0,COD,Pending,2025-01-16,2997.0,0.0,2997.0,2997.0,2025,1,January,11,Saturday,1,5,Normal
ORD1612,2025-03-03,Vikas,vikas46@gmail.com,9551158398.0,Jaipur,Rajasthan,Shoes,Fashion,3.0,999.0,5.0,COD,Cancelled,2025-03-09,2997.0,149.85,2847.15,2847.15,2025,3,March,3,Monday,1,6,Normal
